Geolocation,Year,1.2.1 Poverty Proportion,1.4.1 Net Elem Enrolment Rate,1.4.1 Net Elem Enrolment Rate (Girls),1.4.1 Net Elem Enrolment Rate (Boys),1.4.1 Net JHS Enrolment Rate,1.4.1 Net JHS Enrolment Rate (Girls),1.4.1 Net JHS Enrolment Rate (Boys),1.4.1 Net SHS Enrolment Rate,1.4.1 Net SHS Enrolment Rate (Girls),1.4.1 Net SHS Enrolment Rate (Boys),1.5.4 Proportion of LGU with DRR
PHILIPPINES,2000,,96.77,96.77,96.77,66.06,69.49,62.72,,,,
NCR: National Capital Region,2000,,101.0,101.0,101.0,79.05,79.5,78.57,,,,
CAR: Cordillera Administrative Region,2000,,94.42,94.42,94.42,71.19,76.37,66.14,,,,
Region 1: Ilocos Region,2000,,97.73,97.73,97.73,87.51,90.05,85.07,,,,
Region 2: Cagayan Valley,2000,,95.65,95.65,95.65,77.11,81.11,73.31,,,,
Region 3: Central Luzon,2000,,98.32,98.32,98.32,74.32,76.58,72.13,,,,
Region 4A: CALABARZON,2000,,98.5,98.5,98.5,71.03,74.24,67.88,,,,
Region 5: Bicol Region,2000,,95.56,95.56,95.56,62.05,67.88,56.61,,,,
Region 6: Western Visayas,2000,,96.16,96.16,96.16,59.47,62.63,56.4,,,,
Region 7: Central Visayas,2000,,98.6,98.6,98.6,67.18,74.84,60.61,,,,
Region 8: Eastern Visayas,2000,,94.58,94.58,94.58,48.21,54.64,42.22,,,,
Region 9: Zamboanga Peninsula,2000,,93.44,93.44,93.44,59.75,62.4,57.11,,,,
Region 10: Northern Mindanao,2000,,95.6,95.6,95.6,57.26,61.74,52.88,,,,
Region 11: Davao Region,2000,,93.89,93.89,93.89,57.05,60.1,54.01,,,,
Region 12: SOCCSKSARGEN,2000,,97.34,97.34,97.34,69.48,72.55,66.41,,,,
CARAGA: Cordillera Administrative Region,2000,,92.92,92.92,92.92,56.65,60.71,52.75,,,,
BARMM: Bangsamoro Autonomous Region in Muslim Mindanao,2000,,91.28,91.28,91.28,23.5,24.59,22.39,,,,
PHILIPPINES,2001,,90.1,90.1,90.1,57.55,62.24,52.96,,,,
NCR: National Capital Region,2001,,97.82,97.82,97.82,67.84,73.86,61.7,,,,
CAR: Cordillera Administrative Region,2001,,92.89,92.89,92.89,59.84,65.8,54.08,,,,
Region 1: Ilocos Region,2001,,91.33,91.33,91.33,68.21,71.73,64.83,,,,
Region 2: Cagayan Valley,2001,,89.45,89.45,89.45,59.67,65.09,54.5,,,,
Region 3: Central Luzon,2001,,86.35,86.35,86.35,66.82,71.02,62.76,,,,
Region 4A: CALABARZON,2001,,93.44,93.44,93.44,66.24,70.46,62.13,,,,
Region 5: Bicol Region,2001,,91.77,91.77,91.77,55.56,59.8,51.54,,,,
Region 6: Western Visayas,2001,,89.6,89.6,89.6,58.38,63.76,53.14,,,,
Region 7: Central Visayas,2001,,88.56,88.56,88.56,55.65,60.3,51.08,,,,
Region 8: Eastern Visayas,2001,,86.98,86.98,86.98,48.48,53.82,43.41,,,,
Region 9: Zamboanga Peninsula,2001,,90.22,90.22,90.22,43.95,47.79,40.13,,,,
Region 10: Northern Mindanao,2001,,93.58,93.58,93.58,51.92,57.42,46.57,,,,
Region 11: Davao Region,2001,,84.7,84.7,84.7,48.9,53.53,44.33,,,,
Region 12: SOCCSKSARGEN,2001,,86.78,86.78,86.78,50.56,55.2,45.97,,,,
CARAGA: Cordillera Administrative Region,2001,,83.12,83.12,83.12,49.61,56.73,42.71,,,,
BARMM: Bangsamoro Autonomous Region in Muslim Mindanao,2001,,83.68,83.68,83.68,20.48,22.05,18.89,,,,
PHILIPPINES,2002,,90.29,90.29,90.29,59.0,63.72,54.39,,,,
NCR: National Capital Region,2002,,97.38,97.38,97.38,75.28,77.94,72.57,,,,
CAR: Cordillera Administrative Region,2002,,91.52,91.52,91.52,59.64,67.49,52.05,,,,
Region 1: Ilocos Region,2002,,89.64,89.64,89.64,68.33,71.88,64.91,,,,
Region 2: Cagayan Valley,2002,,86.71,86.71,86.71,59.54,64.97,54.37,,,,
Region 3: Central Luzon,2002,,93.58,93.58,93.58,67.74,72.04,63.59,,,,
Region 4A: CALABARZON,2002,,95.97,95.97,95.97,68.16,72.05,64.36,,,,
MIMAROPA: Southwestern Tagalog Region,2002,,91.52,91.52,91.52,57.55,63.04,52.24,,,,
Region 5: Bicol Region,2002,,90.95,90.95,90.95,54.86,60.81,49.23,,,,
Region 6: Western Visayas,2002,,85.95,85.95,85.95,57.32,62.88,51.92,,,,
Region 7: Central Visayas,2002,,88.09,88.09,88.09,57.3,62.5,52.2,,,,
Region 8: Eastern Visayas,2002,,85.91,85.91,85.91,48.99,55.41,42.9,,,,
Region 9: Zamboanga Peninsula,2002,,89.74,89.74,89.74,49.24,53.7,44.79,,,,
Region 10: Northern Mindanao,2002,,89.04,89.04,89.04,53.4,58.51,48.38,,,,
Region 11: Davao Region,2002,,84.96,84.96,84.96,52.28,57.07,47.55,,,,
Region 12: SOCCSKSARGEN,2002,,82.01,82.01,82.01,53.38,58.89,47.97,,,,
CARAGA: Cordillera Administrative Region,2002,,80.73,80.73,80.73,49.77,55.64,44.07,,,,
BARMM: Bangsamoro Autonomous Region in Muslim Mindanao,2002,,92.72,92.72,92.72,23.69,27.04,20.3,,,,
PHILIPPINES,2003,,88.74,88.74,88.74,60.15,65.07,55.34,,,,
NCR: National Capital Region,2003,,96.81,96.81,96.81,76.42,78.77,74.02,,,,
CAR: Cordillera Administrative Region,2003,,89.19,89.19,89.19,61.76,68.74,55.02,,,,
Region 1: Ilocos Region,2003,,88.52,88.52,88.52,68.05,71.86,64.39,,,,
Region 2: Cagayan Valley,2003,,85.65,85.65,85.65,61.65,67.36,56.2,,,,
Region 3: Central Luzon,2003,,93.61,93.61,93.61,69.35,73.65,65.18,,,,
Region 4A: CALABARZON,2003,,95.33,95.33,95.33,70.19,74.38,66.08,,,,
MIMAROPA: Southwestern Tagalog Region,2003,,89.42,89.42,89.42,58.43,64.7,52.36,,,,
Region 5: Bicol Region,2003,,89.3,89.3,89.3,55.61,61.76,49.77,,,,
Region 6: Western Visayas,2003,,83.25,83.25,83.25,57.86,63.69,52.19,,,,
Region 7: Central Visayas,2003,,85.57,85.57,85.57,58.38,63.97,52.89,,,,
Region 8: Eastern Visayas,2003,,83.74,83.74,83.74,49.96,56.91,43.36,,,,
Region 9: Zamboanga Peninsula,2003,,84.83,84.83,84.83,49.31,54.6,44.04,,,,
Region 10: Northern Mindanao,2003,,86.92,86.92,86.92,53.8,59.28,48.42,,,,
Region 11: Davao Region,2003,,84.36,84.36,84.36,52.11,57.37,46.92,,,,
Region 12: SOCCSKSARGEN,2003,,81.18,81.18,81.18,53.86,59.45,48.37,,,,
CARAGA: Cordillera Administrative Region,2003,,78.04,78.04,78.04,49.72,55.41,44.21,,,,
BARMM: Bangsamoro Autonomous Region in Muslim Mindanao,2003,,90.13,90.13,90.13,29.37,32.58,26.11,,,,
PHILIPPINES,2004,,87.11,87.11,87.11,59.97,65.01,55.04,,,,
NCR: National Capital Region,2004,,94.82,94.82,94.82,76.4,79.06,73.67,,,,
CAR: Cordillera Administrative Region,2004,,86.4,86.4,86.4,60.71,67.77,53.87,,,,
Region 1: Ilocos Region,2004,,86.98,86.98,86.98,66.96,71.29,62.8,,,,
Region 2: Cagayan Valley,2004,,82.9,82.9,82.9,60.64,66.71,54.86,,,,
Region 3: Central Luzon,2004,,92.03,92.03,92.03,69.81,74.31,65.45,,,,
Region 4A: CALABARZON,2004,,95.1,95.1,95.1,70.94,75.33,66.65,,,,
MIMAROPA: Southwestern Tagalog Region,2004,,88.0,88.0,88.0,57.8,63.63,52.17,,,,
Region 5: Bicol Region,2004,,87.78,87.78,87.78,55.82,62.36,49.62,,,,
Region 6: Western Visayas,2004,,80.49,80.49,80.49,56.96,63.01,51.07,,,,
Region 7: Central Visayas,2004,,83.53,83.53,83.53,57.4,62.86,52.03,,,,
Region 8: Eastern Visayas,2004,,83.44,83.44,83.44,50.64,57.48,44.16,,,,
Region 9: Zamboanga Peninsula,2004,,82.83,82.83,82.83,50.47,55.83,45.13,,,,
Region 10: Northern Mindanao,2004,,84.16,84.16,84.16,52.08,57.62,46.66,,,,
Region 11: Davao Region,2004,,82.54,82.54,82.54,51.16,56.28,46.1,,,,
Region 12: SOCCSKSARGEN,2004,,79.99,79.99,79.99,55.24,61.04,49.55,,,,
CARAGA: Cordillera Administrative Region,2004,,75.08,75.08,75.08,49.66,55.62,43.87,,,,
BARMM: Bangsamoro Autonomous Region in Muslim Mindanao,2004,,90.01,90.01,90.01,28.43,31.1,25.73,,,,
PHILIPPINES,2005,,84.44,84.44,84.44,58.54,63.53,53.65,,,,
NCR: National Capital Region,2005,,92.61,92.61,92.61,74.99,77.28,72.65,,,,
CAR: Cordillera Administrative Region,2005,,82.58,82.58,82.58,57.81,64.89,50.96,,,,
Region 1: Ilocos Region,2005,,84.87,84.87,84.87,65.83,69.64,62.16,,,,
Region 2: Cagayan Valley,2005,,79.92,79.92,79.92,59.02,64.95,53.38,,,,
Region 3: Central Luzon,2005,,90.77,90.77,90.77,68.93,73.22,64.77,,,,
Region 4A: CALABARZON,2005,,92.87,92.87,92.87,69.1,73.53,64.77,,,,
MIMAROPA: Southwestern Tagalog Region,2005,,84.39,84.39,84.39,56.08,61.38,50.96,,,,
Region 5: Bicol Region,2005,,85.43,85.43,85.43,53.24,59.88,46.95,,,,
Region 6: Western Visayas,2005,,77.14,77.14,77.14,54.91,60.99,49.0,,,,
Region 7: Central Visayas,2005,,80.08,80.08,80.08,54.76,60.69,48.94,,,,
Region 8: Eastern Visayas,2005,,80.03,80.03,80.03,50.09,56.74,43.79,,,,
Region 9: Zamboanga Peninsula,2005,,79.14,79.14,79.14,47.17,52.2,42.16,,,,
Region 10: Northern Mindanao,2005,,80.2,80.2,80.2,51.27,56.87,45.78,,,,
Region 11: Davao Region,2005,,79.01,79.01,79.01,49.02,54.48,43.64,,,,
Region 12: SOCCSKSARGEN,2005,,77.43,77.43,77.43,51.33,56.69,46.06,,,,
CARAGA: Cordillera Administrative Region,2005,,74.8,74.8,74.8,48.52,53.91,43.29,,,,
BARMM: Bangsamoro Autonomous Region in Muslim Mindanao,2005,,87.26,87.26,87.26,35.61,39.49,31.69,,,,
PHILIPPINES,2006,,83.22,83.22,83.22,58.59,63.44,53.85,,,,
NCR: National Capital Region,2006,,92.89,92.89,92.89,75.12,77.3,72.89,,,,
CAR: Cordillera Administrative Region,2006,,80.86,80.86,80.86,59.1,65.67,52.74,,,,
Region 1: Ilocos Region,2006,,82.74,82.74,82.74,68.19,72.1,64.43,,,,
Region 2: Cagayan Valley,2006,,77.7,77.7,77.7,58.85,64.42,53.55,,,,
Region 3: Central Luzon,2006,,89.14,89.14,89.14,69.13,72.99,65.4,,,,
Region 4A: CALABARZON,2006,,92.36,92.36,92.36,71.26,75.61,67.0,,,,
MIMAROPA: Southwestern Tagalog Region,2006,,83.84,83.84,83.84,58.86,64.8,53.11,,,,
Region 5: Bicol Region,2006,,83.8,83.8,83.8,54.33,60.77,48.22,,,,
Region 6: Western Visayas,2006,,74.96,74.96,74.96,52.89,58.85,47.08,,,,
Region 7: Central Visayas,2006,,78.87,78.87,78.87,53.86,59.56,48.26,,,,
Region 8: Eastern Visayas,2006,,78.15,78.15,78.15,49.88,56.68,43.43,,,,
Region 9: Zamboanga Peninsula,2006,,77.59,77.59,77.59,47.7,52.67,42.74,,,,
Region 10: Northern Mindanao,2006,,78.96,78.96,78.96,51.23,56.72,45.85,,,,
Region 11: Davao Region,2006,,75.89,75.89,75.89,47.84,52.9,42.84,,,,
Region 12: SOCCSKSARGEN,2006,,76.35,76.35,76.35,48.85,53.96,43.84,,,,
CARAGA: Cordillera Administrative Region,2006,,77.76,77.76,77.76,48.89,54.3,43.64,,,,
BARMM: Bangsamoro Autonomous Region in Muslim Mindanao,2006,,85.82,85.82,85.82,32.56,36.16,28.92,,,,
PHILIPPINES,2007,,84.93,84.93,84.93,60.21,64.87,55.65,,,,
NCR: National Capital Region,2007,,94.42,94.42,94.42,80.16,82.18,78.1,,,,
CAR: Cordillera Administrative Region,2007,,81.5,81.5,81.5,57.04,63.57,50.71,,,,
Region 1: Ilocos Region,2007,,83.14,83.14,83.14,67.62,70.85,64.5,,,,
Region 2: Cagayan Valley,2007,,77.53,77.53,77.53,59.47,64.55,54.63,,,,
Region 3: Central Luzon,2007,,91.37,91.37,91.37,70.78,74.48,67.21,,,,
Region 4A: CALABARZON,2007,,94.02,94.02,94.02,73.86,78.22,69.59,,,,
MIMAROPA: Southwestern Tagalog Region,2007,,84.07,84.07,84.07,59.28,64.67,54.07,,,,
Region 5: Bicol Region,2007,,85.41,85.41,85.41,55.97,62.01,50.24,,,,
Region 6: Western Visayas,2007,,75.44,75.44,75.44,53.83,59.21,48.59,,,,
Region 7: Central Visayas,2007,,80.28,80.28,80.28,54.57,60.63,48.62,,,,
Region 8: Eastern Visayas,2007,,79.19,79.19,79.19,51.49,58.0,45.31,,,,
Region 9: Zamboanga Peninsula,2007,,78.99,78.99,78.99,50.18,55.15,45.22,,,,
Region 10: Northern Mindanao,2007,,80.6,80.6,80.6,51.7,56.91,46.59,,,,
Region 11: Davao Region,2007,,77.38,77.38,77.38,49.12,53.93,44.38,,,,
Region 12: SOCCSKSARGEN,2007,,78.65,78.65,78.65,50.62,55.91,45.43,,,,
CARAGA: Cordillera Administrative Region,2007,,81.46,81.46,81.46,48.64,53.18,44.24,,,,
BARMM: Bangsamoro Autonomous Region in Muslim Mindanao,2007,,94.01,94.01,94.01,34.58,38.59,30.52,,,,
PHILIPPINES,2008,,85.11,85.11,85.11,60.74,65.18,56.39,,,,
NCR: National Capital Region,2008,,93.69,93.69,93.69,80.79,82.15,79.4,,,,
CAR: Cordillera Administrative Region,2008,,81.93,81.93,81.93,57.14,62.71,51.74,,,,
Region 1: Ilocos Region,2008,,82.85,82.85,82.85,68.22,71.32,65.24,,,,
Region 2: Cagayan Valley,2008,,76.23,76.23,76.23,58.34,63.36,53.56,,,,
Region 3: Central Luzon,2008,,90.93,90.93,90.93,71.24,74.63,67.95,,,,
Region 4A: CALABARZON,2008,,94.1,94.1,94.1,74.89,79.14,70.74,,,,
MIMAROPA: Southwestern Tagalog Region,2008,,85.42,85.42,85.42,59.67,64.83,54.69,,,,
Region 5: Bicol Region,2008,,85.07,85.07,85.07,55.24,61.13,49.65,,,,
Region 6: Western Visayas,2008,,74.93,74.93,74.93,53.98,59.08,49.01,,,,
Region 7: Central Visayas,2008,,81.38,81.38,81.38,55.49,60.96,50.13,,,,
Region 8: Eastern Visayas,2008,,80.33,80.33,80.33,53.28,60.06,46.85,,,,
Region 9: Zamboanga Peninsula,2008,,79.25,79.25,79.25,49.28,54.18,44.4,,,,
Region 10: Northern Mindanao,2008,,81.23,81.23,81.23,50.67,55.66,45.78,,,,
Region 11: Davao Region,2008,,78.0,78.0,78.0,48.61,53.39,43.89,,,,
Region 12: SOCCSKSARGEN,2008,,80.12,80.12,80.12,51.8,57.23,46.47,,,,
CARAGA: Cordillera Administrative Region,2008,,76.14,76.14,76.14,51.09,55.24,47.05,,,,
BARMM: Bangsamoro Autonomous Region in Muslim Mindanao,2008,,99.85,99.85,99.85,37.98,42.57,33.24,,,,
PHILIPPINES,2009,,89.48,89.48,89.48,59.89,64.82,55.16,,,,
NCR: National Capital Region,2009,,90.96,90.96,90.96,76.69,79.74,73.69,,,,
CAR: Cordillera Administrative Region,2009,,99.51,99.51,99.51,64.76,71.8,58.0,,,,
Region 1: Ilocos Region,2009,,93.24,93.24,93.24,71.77,75.8,67.95,,,,
Region 2: Cagayan Valley,2009,,95.58,95.58,95.58,66.95,72.81,61.41,,,,
Region 3: Central Luzon,2009,,90.99,90.99,90.99,68.41,72.39,64.64,,,,
Region 4A: CALABARZON,2009,,87.43,87.43,87.43,67.03,71.2,63.01,,,,
MIMAROPA: Southwestern Tagalog Region,2009,,88.76,88.76,88.76,56.29,61.94,50.97,,,,
Region 5: Bicol Region,2009,,92.63,92.63,92.63,54.92,61.07,49.21,,,,
Region 6: Western Visayas,2009,,86.99,86.99,86.99,55.83,61.36,50.54,,,,
Region 7: Central Visayas,2009,,90.87,90.87,90.87,56.69,63.46,50.37,,,,
Region 8: Eastern Visayas,2009,,90.23,90.23,90.23,52.45,59.05,46.3,,,,
Region 9: Zamboanga Peninsula,2009,,91.66,91.66,91.66,48.75,54.02,43.62,,,,
Region 10: Northern Mindanao,2009,,91.91,91.91,91.91,50.61,55.96,45.47,,,,
Region 11: Davao Region,2009,,93.26,93.26,93.26,54.47,59.48,49.61,,,,
Region 12: SOCCSKSARGEN,2009,,84.55,84.55,84.55,51.22,56.5,46.05,,,,
CARAGA: Cordillera Administrative Region,2009,,93.86,93.86,93.86,55.35,60.51,50.51,,,,
BARMM: Bangsamoro Autonomous Region in Muslim Mindanao,2009,,74.21,74.21,74.21,10.08,37.3,28.1,,,,
PHILIPPINES,2010,,95.92,95.92,95.92,64.3,69.76,59.11,,,,
NCR: National Capital Region,2010,,96.9,96.9,96.9,79.57,83.2,76.04,,,,
CAR: Cordillera Administrative Region,2010,,97.64,97.64,97.64,63.7,70.68,57.03,,,,
Region 1: Ilocos Region,2010,,98.32,98.32,98.32,76.4,81.19,71.91,,,,
Region 2: Cagayan Valley,2010,,95.34,95.34,95.34,69.61,75.51,64.07,,,,
Region 3: Central Luzon,2010,,98.04,98.04,98.04,74.4,78.97,70.1,,,,
Region 4A: CALABARZON,2010,,93.94,93.94,93.94,70.28,74.8,65.98,,,,
MIMAROPA: Southwestern Tagalog Region,2010,,95.04,95.04,95.04,59.95,65.67,54.54,,,,
Region 5: Bicol Region,2010,,97.19,97.19,97.19,57.77,64.44,51.57,,,,
Region 6: Western Visayas,2010,,93.38,93.38,93.38,61.36,67.6,55.47,,,,
Region 7: Central Visayas,2010,,95.48,95.48,95.48,61.46,68.09,55.2,,,,
Region 8: Eastern Visayas,2010,,95.39,95.39,95.39,56.55,63.44,50.11,,,,
Region 9: Zamboanga Peninsula,2010,,94.34,94.34,94.34,51.02,56.96,45.36,,,,
Region 10: Northern Mindanao,2010,,92.74,92.74,92.74,55.24,61.0,49.75,,,,
Region 11: Davao Region,2010,,99.37,99.37,99.37,55.87,61.68,50.3,,,,
Region 12: SOCCSKSARGEN,2010,,88.65,88.65,88.65,54.15,59.76,48.77,,,,
CARAGA: Cordillera Administrative Region,2010,,96.95,96.95,96.95,58.18,63.67,53.03,,,,
BARMM: Bangsamoro Autonomous Region in Muslim Mindanao,2010,,103.25,103.25,103.25,44.54,51.13,38.0,,,,
PHILIPPINES,2011,,98.04,98.04,98.04,65.14,70.75,59.82,,,,
NCR: National Capital Region,2011,,99.69,99.69,99.69,79.79,83.41,76.27,,,,
CAR: Cordillera Administrative Region,2011,,100.8,100.8,100.8,68.27,75.39,61.47,,,,
Region 1: Ilocos Region,2011,,98.69,98.69,98.69,76.19,80.92,71.8,,,,
Region 2: Cagayan Valley,2011,,97.31,97.31,97.31,70.5,76.51,64.89,,,,
Region 3: Central Luzon,2011,,99.21,99.21,99.21,74.59,79.3,70.17,,,,
Region 4A: CALABARZON,2011,,96.58,96.58,96.58,72.46,76.85,68.29,,,,
MIMAROPA: Southwestern Tagalog Region,2011,,97.89,97.89,97.89,61.63,67.66,55.97,,,,
Region 5: Bicol Region,2011,,99.11,99.11,99.11,60.8,67.74,54.38,,,,
Region 6: Western Visayas,2011,,95.82,95.82,95.82,62.4,68.82,56.39,,,,
Region 7: Central Visayas,2011,,98.5,98.5,98.5,61.16,67.94,54.77,,,,
Region 8: Eastern Visayas,2011,,96.58,96.58,96.58,58.48,66.14,51.39,,,,
Region 9: Zamboanga Peninsula,2011,,97.27,97.27,97.27,50.83,56.74,45.21,,,,
Region 10: Northern Mindanao,2011,,94.84,94.84,94.84,55.55,61.3,50.05,,,,
Region 11: Davao Region,2011,,100.53,100.53,100.53,56.52,62.55,50.74,,,,
Region 12: SOCCSKSARGEN,2011,,90.95,90.95,90.95,53.97,59.67,48.51,,,,
CARAGA: Cordillera Administrative Region,2011,,95.55,95.55,95.55,56.92,63.22,51.01,,,,
BARMM: Bangsamoro Autonomous Region in Muslim Mindanao,2011,,108.07,108.07,108.07,44.32,51.64,37.05,,,,
PHILIPPINES,2012,,97.29,97.29,97.29,66.17,71.92,60.74,,,,
NCR: National Capital Region,2012,,99.22,99.22,99.22,81.02,85.14,77.04,,,,
CAR: Cordillera Administrative Region,2012,,100.0,100.0,100.0,70.43,77.62,63.61,,,,
Region 1: Ilocos Region,2012,,97.56,97.56,97.56,77.67,82.5,73.18,,,,
Region 2: Cagayan Valley,2012,,98.4,98.4,98.4,71.31,77.5,65.56,,,,
Region 3: Central Luzon,2012,,98.46,98.46,98.46,75.34,80.19,70.81,,,,
Region 4A: CALABARZON,2012,,97.29,97.29,97.29,73.74,78.39,69.34,,,,
MIMAROPA: Southwestern Tagalog Region,2012,,96.78,96.78,96.78,63.5,69.78,57.63,,,,
Region 5: Bicol Region,2012,,98.6,98.6,98.6,61.52,68.22,55.32,,,,
Region 6: Western Visayas,2012,,96.5,96.5,96.5,63.15,69.73,57.0,,,,
Region 7: Central Visayas,2012,,99.79,99.79,99.79,64.02,70.8,57.65,,,,
Region 8: Eastern Visayas,2012,,96.13,96.13,96.13,60.03,67.33,53.26,,,,
Region 9: Zamboanga Peninsula,2012,,95.03,95.03,95.03,51.63,58.14,45.46,,,,
Region 10: Northern Mindanao,2012,,94.42,94.42,94.42,57.35,63.22,51.76,,,,
Region 11: Davao Region,2012,,98.92,98.92,98.92,57.49,63.87,51.4,,,,
Region 12: SOCCSKSARGEN,2012,,90.23,90.23,90.23,55.11,61.14,49.36,,,,
CARAGA: Cordillera Administrative Region,2012,,95.49,95.49,95.49,58.9,65.7,52.52,,,,
BARMM: Bangsamoro Autonomous Region in Muslim Mindanao,2012,,96.72,96.72,96.72,39.88,46.55,33.26,,,,
PHILIPPINES,2013,,97.2,97.2,97.2,67.89,73.69,62.42,,,,
NCR: National Capital Region,2013,,99.64,99.64,99.64,81.64,85.54,77.91,,,,
CAR: Cordillera Administrative Region,2013,,99.66,99.66,99.66,71.87,78.84,65.3,,,,
Region 1: Ilocos Region,2013,,97.39,97.39,97.39,79.89,84.51,75.61,,,,
Region 2: Cagayan Valley,2013,,100.08,100.08,100.08,72.9,78.74,67.49,,,,
Region 3: Central Luzon,2013,,99.03,99.03,99.03,77.86,82.67,73.38,,,,
Region 4A: CALABARZON,2013,,96.09,96.09,96.09,74.64,79.69,69.87,,,,
MIMAROPA: Southwestern Tagalog Region,2013,,95.77,95.77,95.77,64.93,71.09,59.18,,,,
Region 5: Bicol Region,2013,,98.53,98.53,98.53,64.78,71.41,58.62,,,,
Region 6: Western Visayas,2013,,97.71,97.71,97.71,65.21,71.69,59.16,,,,
Region 7: Central Visayas,2013,,100.97,100.97,100.97,68.13,75.26,61.44,,,,
Region 8: Eastern Visayas,2013,,95.7,95.7,95.7,63.32,70.34,56.79,,,,
Region 9: Zamboanga Peninsula,2013,,91.62,91.62,91.62,52.83,59.48,46.55,,,,
Region 10: Northern Mindanao,2013,,94.0,94.0,94.0,56.67,62.83,50.8,,,,
Region 11: Davao Region,2013,,100.65,100.65,100.65,60.04,66.62,53.81,,,,
Region 12: SOCCSKSARGEN,2013,,90.52,90.52,90.52,56.88,63.66,50.45,,,,
CARAGA: Cordillera Administrative Region,2013,,96.86,96.86,96.86,61.25,67.86,55.05,,,,
BARMM: Bangsamoro Autonomous Region in Muslim Mindanao,2013,,92.86,92.86,92.86,38.02,45.08,31.03,,,,
PHILIPPINES,2014,,97.19,97.19,97.19,67.19,73.05,61.68,,,,
NCR: National Capital Region,2014,,99.01,99.01,99.01,78.93,83.49,74.61,,,,
CAR: Cordillera Administrative Region,2014,,100.16,100.16,100.16,72.5,79.73,65.74,,,,
Region 1: Ilocos Region,2014,,97.84,97.84,97.84,79.24,83.98,74.87,,,,
Region 2: Cagayan Valley,2014,,101.15,101.15,101.15,72.44,78.46,66.87,,,,
Region 3: Central Luzon,2014,,99.56,99.56,99.56,77.54,82.48,72.97,,,,
Region 4A: CALABARZON,2014,,97.09,97.09,97.09,74.23,79.42,69.37,,,,
MIMAROPA: Southwestern Tagalog Region,2014,,95.58,95.58,95.58,65.57,71.89,59.69,,,,
Region 5: Bicol Region,2014,,98.25,98.25,98.25,64.73,71.25,58.68,,,,
Region 6: Western Visayas,2014,,98.47,98.47,98.47,65.11,71.59,59.07,,,,
Region 7: Central Visayas,2014,,101.62,101.62,101.62,67.76,75.2,60.81,,,,
Region 8: Eastern Visayas,2014,,95.99,95.99,95.99,62.3,68.86,56.18,,,,
Region 9: Zamboanga Peninsula,2014,,93.86,93.86,93.86,53.14,60.0,46.69,,,,
Region 10: Northern Mindanao,2014,,94.31,94.31,94.31,57.55,63.86,51.56,,,,
Region 11: Davao Region,2014,,99.78,99.78,99.78,60.2,66.96,53.82,,,,
Region 12: SOCCSKSARGEN,2014,,92.95,92.95,92.95,57.87,64.26,51.82,,,,
CARAGA: Cordillera Administrative Region,2014,,98.1,98.1,98.1,62.39,68.8,56.37,,,,
BARMM: Bangsamoro Autonomous Region in Muslim Mindanao,2014,,81.54,81.54,81.54,30.41,36.58,24.32,,,,
PHILIPPINES,2015,23.5,96.9,96.9,96.9,73.57,79.42,68.09,,,,
NCR: National Capital Region,2015,4.1,99.85,99.85,99.85,84.1,88.99,79.52,,,,
CAR: Cordillera Administrative Region,2015,22.7,99.19,99.19,99.19,77.08,84.08,70.56,,,,
Region 1: Ilocos Region,2015,18.8,96.78,96.78,96.78,84.02,88.34,80.05,,,,
Region 2: Cagayan Valley,2015,17.8,102.42,102.42,102.42,77.58,83.5,72.12,,,,
Region 3: Central Luzon,2015,10.5,98.84,98.84,98.84,81.71,86.42,77.36,,,,
Region 4A: CALABARZON,2015,12.5,96.36,96.36,96.36,80.25,85.25,75.58,,,,
MIMAROPA: Southwestern Tagalog Region,2015,25.2,96.56,96.56,96.56,73.28,79.5,67.49,,,,
Region 5: Bicol Region,2015,39.8,96.41,96.41,96.41,71.75,78.37,65.61,,,,
Region 6: Western Visayas,2015,24.6,98.89,98.89,98.89,74.67,81.36,68.44,,,,
Region 7: Central Visayas,2015,29.4,102.14,102.14,102.14,75.94,83.37,69.02,,,,
Region 8: Eastern Visayas,2015,41.3,95.03,95.03,95.03,69.55,75.87,63.63,,,,
Region 9: Zamboanga Peninsula,2015,37.7,92.46,92.46,92.46,61.73,68.75,55.14,,,,
Region 10: Northern Mindanao,2015,38.7,94.79,94.79,94.79,63.77,69.96,57.9,,,,
Region 11: Davao Region,2015,23.5,101.34,101.34,101.34,68.37,75.39,61.79,,,,
Region 12: SOCCSKSARGEN,2015,38.1,93.78,93.78,93.78,64.82,71.56,58.48,,,,
CARAGA: Cordillera Administrative Region,2015,39.7,98.85,98.85,98.85,70.16,76.29,64.41,,,,
BARMM: Bangsamoro Autonomous Region in Muslim Mindanao,2015,59.4,76.51,76.51,76.51,33.49,39.8,27.26,,,,
PHILIPPINES,2016,,96.15,96.15,96.15,74.19,79.94,68.79,37.38,44.14,31.03,
NCR: National Capital Region,2016,,95.92,95.92,95.92,83.37,88.33,78.7,55.32,63.06,47.9,52.9
CAR: Cordillera Administrative Region,2016,,97.24,97.24,97.24,78.72,85.5,72.37,40.16,49.0,31.85,94.0
Region 1: Ilocos Region,2016,,94.84,94.84,94.84,84.85,89.18,80.86,51.11,58.42,44.4,44.8
Region 2: Cagayan Valley,2016,,100.26,100.26,100.26,78.97,84.53,73.82,43.41,51.07,36.37,100.0
Region 3: Central Luzon,2016,,98.53,98.53,98.53,82.78,87.52,78.39,47.96,54.35,42.01,59.0
Region 4A: CALABARZON,2016,,97.2,97.2,97.2,81.41,86.46,76.69,45.61,52.07,39.51,99.8
MIMAROPA: Southwestern Tagalog Region,2016,,94.98,94.98,94.98,73.48,79.26,68.1,35.09,41.66,28.95,82.0
Region 5: Bicol Region,2016,,95.77,95.77,95.77,72.78,79.33,66.68,28.35,34.98,22.19,91.0
Region 6: Western Visayas,2016,,99.09,99.09,99.09,74.2,80.81,68.02,32.54,40.11,25.49,25.1
Region 7: Central Visayas,2016,,101.55,101.55,101.55,76.58,83.73,69.9,35.9,44.43,27.91,100.0
Region 8: Eastern Visayas,2016,,94.0,94.0,94.0,70.89,77.28,64.9,28.15,34.79,21.95,100.0
Region 9: Zamboanga Peninsula,2016,,91.24,91.24,91.24,62.18,69.02,55.73,23.92,29.84,18.34,100.0
Region 10: Northern Mindanao,2016,,96.57,96.57,96.57,65.08,71.11,59.33,28.97,36.0,22.33,100.0
Region 11: Davao Region,2016,,100.06,100.06,100.06,70.57,77.38,64.16,30.11,37.03,23.54,100.0
Region 12: SOCCSKSARGEN,2016,,93.3,93.3,93.3,65.0,71.36,58.99,26.9,33.12,21.02,100.0
CARAGA: Cordillera Administrative Region,2016,,97.85,97.85,97.85,71.07,76.97,65.5,28.04,34.25,22.25,74.4
BARMM: Bangsamoro Autonomous Region in Muslim Mindanao,2016,,77.29,77.29,77.29,32.03,38.09,26.05,6.02,8.08,3.98,12.5
PHILIPPINES,2017,,94.19,94.19,94.19,75.99,81.42,70.88,46.12,53.48,39.2,
NCR: National Capital Region,2017,,92.83,92.83,92.83,84.76,89.56,80.22,62.74,70.11,55.67,
CAR: Cordillera Administrative Region,2017,,94.37,94.37,94.37,79.77,85.57,74.31,49.55,59.45,40.26,
Region 1: Ilocos Region,2017,,92.5,92.5,92.5,85.56,89.64,81.77,60.39,68.15,53.26,
Region 2: Cagayan Valley,2017,,98.45,98.45,98.45,80.89,86.24,75.91,51.49,59.56,44.08,
Region 3: Central Luzon,2017,,97.91,97.91,97.91,82.84,87.46,78.54,55.99,62.7,49.75,
Region 4A: CALABARZON,2017,,96.31,96.31,96.31,82.51,87.21,78.09,53.9,60.55,47.62,
MIMAROPA: Southwestern Tagalog Region,2017,,92.33,92.33,92.33,75.71,81.04,70.72,43.27,50.67,36.37,
Region 5: Bicol Region,2017,,93.56,93.56,93.56,75.88,81.86,70.27,39.63,47.68,32.16,
Region 6: Western Visayas,2017,,97.16,97.16,97.16,76.41,82.66,70.54,44.17,52.77,36.17,
Region 7: Central Visayas,2017,,98.41,98.41,98.41,78.51,85.53,71.91,47.21,57.06,37.99,
Region 8: Eastern Visayas,2017,,92.64,92.64,92.64,74.21,80.55,68.24,38.02,45.87,30.7,
Region 9: Zamboanga Peninsula,2017,,90.3,90.3,90.3,65.44,71.71,59.49,30.4,37.34,23.87,
Region 10: Northern Mindanao,2017,,96.43,96.43,96.43,68.09,73.86,62.55,37.31,45.29,29.78,
Region 11: Davao Region,2017,,96.88,96.88,96.88,74.27,80.6,68.28,38.26,45.8,31.09,
Region 12: SOCCSKSARGEN,2017,,91.86,91.86,91.86,68.08,74.2,62.26,35.84,42.84,29.22,
CARAGA: Cordillera Administrative Region,2017,,95.89,95.89,95.89,74.54,79.83,69.5,38.11,45.02,31.67,
BARMM: Bangsamoro Autonomous Region in Muslim Mindanao,2017,,72.63,72.63,72.63,30.37,35.62,25.18,8.7,11.24,6.19,
PHILIPPINES,2018,16.7,94.05,94.05,94.05,81.41,85.82,77.24,51.24,58.72,44.21,
NCR: National Capital Region,2018,2.2,92.11,92.11,92.11,88.74,92.64,85.04,68.63,76.42,61.17,76.5
CAR: Cordillera Administrative Region,2018,12.0,92.24,92.24,92.24,83.64,88.13,79.4,53.64,63.31,44.61,97.5
Region 1: Ilocos Region,2018,9.9,90.48,90.48,90.48,87.81,90.68,85.14,64.06,71.24,57.48,100.0
Region 2: Cagayan Valley,2018,16.3,96.86,96.86,96.86,84.76,89.01,80.78,56.21,64.13,48.96,100.0
Region 3: Central Luzon,2018,7.0,98.77,98.77,98.77,85.01,88.83,81.44,60.19,66.35,54.46,99.3
Region 4A: CALABARZON,2018,7.1,97.36,97.36,97.36,86.38,89.97,83.01,58.33,65.05,52.0,100.0
MIMAROPA: Southwestern Tagalog Region,2018,15.1,90.99,90.99,90.99,79.74,83.95,75.79,48.14,55.51,41.29,100.0
Region 5: Bicol Region,2018,27.0,93.12,93.12,93.12,82.97,87.51,78.71,45.8,54.49,37.74,93.3
Region 6: Western Visayas,2018,16.3,97.38,97.38,97.38,84.54,89.21,80.14,49.74,58.72,41.38,20.2
Region 7: Central Visayas,2018,17.7,98.17,98.17,98.17,87.64,93.34,82.27,53.28,63.24,43.97,87.5
Region 8: Eastern Visayas,2018,30.7,91.53,91.53,91.53,79.27,84.51,74.33,43.2,51.2,35.74,59.5
Region 9: Zamboanga Peninsula,2018,32.7,91.24,91.24,91.24,73.88,79.2,68.79,36.04,43.56,28.98,45.3
Region 10: Northern Mindanao,2018,23.1,97.73,97.73,97.73,75.27,79.85,70.83,41.87,49.74,34.42,85.7
Region 11: Davao Region,2018,19.1,95.61,95.61,95.61,82.25,87.76,77.01,45.74,53.9,37.99,100.0
Region 12: SOCCSKSARGEN,2018,28.2,92.04,92.04,92.04,74.49,80.14,69.11,41.5,48.58,34.83,100.0
CARAGA: Cordillera Administrative Region,2018,30.5,94.74,94.74,94.74,80.7,84.84,76.74,44.36,51.42,37.76,76.9
BARMM: Bangsamoro Autonomous Region in Muslim Mindanao,2018,61.8,73.24,73.24,73.24,35.76,41.36,30.22,11.04,14.05,8.06,53.7
PHILIPPINES,2019,,93.96,93.96,93.96,82.89,87.2,78.8,47.76,55.34,40.65,
NCR: National Capital Region,2019,,89.91,89.91,89.91,89.68,93.47,86.06,62.28,70.0,54.93,
CAR: Cordillera Administrative Region,2019,,91.4,91.4,91.4,84.76,88.9,80.81,50.53,60.28,41.46,
Region 1: Ilocos Region,2019,,89.99,89.99,89.99,89.85,92.83,87.06,61.54,69.23,54.5,
Region 2: Cagayan Valley,2019,,97.17,97.17,97.17,88.81,93.13,84.75,56.46,65.2,48.45,
Region 3: Central Luzon,2019,,100.03,100.03,100.03,87.69,91.57,84.04,58.03,64.94,51.62,
Region 4A: CALABARZON,2019,,98.23,98.23,98.23,87.85,91.62,84.29,54.79,61.84,48.16,
MIMAROPA: Southwestern Tagalog Region,2019,,90.26,90.26,90.26,81.12,85.31,77.19,46.0,53.52,39.02,
Region 5: Bicol Region,2019,,92.68,92.68,92.68,82.27,86.59,78.18,42.31,50.91,34.35,
Region 6: Western Visayas,2019,,97.25,97.25,97.25,85.68,89.96,81.63,44.22,52.66,36.34,
Region 7: Central Visayas,2019,,98.07,98.07,98.07,88.52,93.97,83.37,47.81,57.12,39.12,
Region 8: Eastern Visayas,2019,,91.6,91.6,91.6,80.05,84.85,75.5,42.08,50.92,33.84,
Region 9: Zamboanga Peninsula,2019,,91.7,91.7,91.7,74.24,79.54,69.13,34.43,42.28,27.06,
Region 10: Northern Mindanao,2019,,99.23,99.23,99.23,76.75,81.13,72.47,38.05,45.48,31.02,
Region 11: Davao Region,2019,,93.87,93.87,93.87,85.44,90.98,80.15,41.53,49.67,33.81,
Region 12: SOCCSKSARGEN,2019,,92.24,92.24,92.24,75.89,81.29,70.7,37.45,44.41,30.88,
CARAGA: Cordillera Administrative Region,2019,,94.84,94.84,94.84,82.2,85.99,78.54,40.77,47.7,34.27,
BARMM: Bangsamoro Autonomous Region in Muslim Mindanao,2019,,71.51,71.51,71.51,36.48,41.96,31.07,10.59,13.73,7.49,
PHILIPPINES,2020,,89.1064,89.1064,89.1064,81.4869,85.5003,77.6557,49.48,57.4119,42.0505,
NCR: National Capital Region,2020,,81.1478,81.1478,81.1478,85.1646,88.9647,81.5199,56.4435,63.8118,49.4413,82.4
CAR: Cordillera Administrative Region,2020,,87.5276,87.5276,87.5276,84.9372,88.1383,81.866,52.8763,63.109,43.3977,79.5
Region 1: Ilocos Region,2020,,86.2185,86.2185,86.2185,90.1031,92.3834,87.9661,65.6379,73.2342,58.7108,74.4
Region 2: Cagayan Valley,2020,,93.6348,93.6348,93.6348,93.4367,97.0227,90.0406,61.4433,70.8277,52.8585,49.0
Region 3: Central Luzon,2020,,95.4067,95.4067,95.4067,86.0948,89.9462,82.4587,60.0165,67.5813,53.02,100.0
Region 4A: CALABARZON,2020,,91.9912,91.9912,91.9912,84.4897,88.3569,80.833,54.7999,61.8488,48.1915,100.0
MIMAROPA: Southwestern Tagalog Region,2020,,86.2074,86.2074,86.2074,80.7633,84.9722,76.7903,50.2024,57.9633,42.9974,100.0
Region 5: Bicol Region,2020,,87.2573,87.2573,87.2573,75.087,79.4398,70.953,43.518,52.4657,35.2324,57.5
Region 6: Western Visayas,2020,,93.9281,93.9281,93.9281,87.906,91.3535,84.6275,48.2144,57.4538,39.5905,99.3
Region 7: Central Visayas,2020,,92.9937,92.9937,92.9937,85.4465,90.4341,80.7059,49.7072,59.3148,40.75496,94.1
Region 8: Eastern Visayas,2020,,89.0772,89.0772,89.0772,81.609,85.861,77.576,48.2067,58.1079,38.9889,81.9
Region 9: Zamboanga Peninsula,2020,,89.1941,89.1941,89.1941,74.8405,79.4786,70.346,38.4532,47.0045,30.4406,94.6
Region 10: Northern Mindanao,2020,,97.0819,97.0819,97.0819,76.5254,80.1995,72.9159,41.2193,49.2934,33.5733,86.7
Region 11: Davao Region,2020,,86.266,86.266,86.266,81.6703,86.9362,76.6309,43.2965,51.6846,35.3535,88.9
Region 12: SOCCSKSARGEN,2020,,88.7282,88.7282,88.7282,77.2258,82.0809,72.5433,40.54,48.3148,33.2122,100.0
CARAGA: Cordillera Administrative Region,2020,,92.0358,92.0358,92.0358,84.3796,87.2908,81.5504,46.1723,53.9758,38.816,100.0
BARMM: Bangsamoro Autonomous Region in Muslim Mindanao,2020,,69.1673,69.1673,69.1673,37.1877,42.8858,31.543,12.7783,16.1742,9.428,60.9
NCR: National Capital Region,2021,,,,,,,,,,,100.0
CAR: Cordillera Administrative Region,2021,,,,,,,,,,,61.5
Region 1: Ilocos Region,2021,,,,,,,,,,,76.7
Region 2: Cagayan Valley,2021,,,,,,,,,,,55.1
Region 3: Central Luzon,2021,,,,,,,,,,,100.0
Region 4A: CALABARZON,2021,,,,,,,,,,,74.8
MIMAROPA: Southwestern Tagalog Region,2021,,,,,,,,,,,100.0
Region 5: Bicol Region,2021,,,,,,,,,,,56.7
Region 6: Western Visayas,2021,,,,,,,,,,,100.0
Region 7: Central Visayas,2021,,,,,,,,,,,100.0
Region 8: Eastern Visayas,2021,,,,,,,,,,,83.9
Region 9: Zamboanga Peninsula,2021,,,,,,,,,,,96.0
Region 10: Northern Mindanao,2021,,,,,,,,,,,96.9
Region 11: Davao Region,2021,,,,,,,,,,,100.0
Region 12: SOCCSKSARGEN,2021,,,,,,,,,,,100.0
CARAGA: Cordillera Administrative Region,2021,,,,,,,,,,,93.6
BARMM: Bangsamoro Autonomous Region in Muslim Mindanao,2021,,,,,,,,,,,13.0
