Geolocation,Year,4.1 Elem Completion Rate,4.1 Elem Completion Rate (Female),4.1 Elem Completion Rate (Male),4.1 JHS Completion Rate,4.1 JHS Completion Rate (Female),4.1 JHS Completion Rate (Male),4.1 SHS Completion Rate,4.1 SHS Completion Rate (Female),4.1 SHS Completion Rate (Male),4.3.s1 Net Elem Enrolment Rate,4.3.s1 Net Elem Enrolment Rate (Girls),4.3.s1 Net Elem Enrolment Rate (Boys),4.3.s2 Net JHS Enrolment Rate,4.3.s2 Net JHS Enrolment Rate (Girls),4.3.s2 Net JHS Enrolment Rate (Boys),4.3.s2 Net SHS Enrolment Rate,4.3.s2 Net SHS Enrolment Rate (Girls),4.3.s2 Net SHS Enrolment Rate (Boys),4.c TVET trainers trained
PHILIPPINES,2000,62.72,65.53,60.05,70.07,72.29,67.66,,,,,,,,,,,,,
NCR: National Capital Region,2000,63.87,66.58,61.35,68.16,72.18,63.88,,,,,,,,,,,,,
CAR: Cordillera Administrative Region,2000,61.95,65.93,58.28,70.31,73.34,67.08,,,,,,,,,,,,,
Region 1: Ilocos Region,2000,78.73,81.44,76.23,73.38,76.87,69.82,,,,,,,,,,,,,
Region 2: Cagayan Valley,2000,70.75,74.95,66.9,72.2,73.78,70.48,,,,,,,,,,,,,
Region 3: Central Luzon,2000,75.06,78.71,71.75,75.19,79.3,71.01,,,,,,,,,,,,,
Region 4A: CALABARZON,2000,68.21,71.98,64.73,74.79,77.75,71.65,,,,,,,,,,,,,
Region 5: Bicol Region,2000,64.7,66.91,62.58,68.3,71.02,65.31,,,,,,,,,,,,,
Region 6: Western Visayas,2000,65.45,63.94,66.95,67.93,63.34,74.61,,,,,,,,,,,,,
Region 7: Central Visayas,2000,68.96,73.5,64.61,71.54,73.15,69.56,,,,,,,,,,,,,
Region 8: Eastern Visayas,2000,56.84,62.39,51.73,64.25,66.44,61.72,,,,,,,,,,,,,
Region 9: Zamboanga Peninsula,2000,51.01,56.86,45.74,62.65,64.32,60.78,,,,,,,,,,,,,
Region 10: Northern Mindanao,2000,61.11,66.08,56.62,68.1,72.22,63.88,,,,,,,,,,,,,
Region 11: Davao Region,2000,60.19,65.15,55.69,73.33,76.54,69.77,,,,,,,,,,,,,
Region 12: SOCCSKSARGEN,2000,46.77,43.23,49.73,63.19,65.8,60.4,,,,,,,,,,,,,
CARAGA: Cordillera Administrative Region,2000,56.66,61.06,52.53,60.57,63.28,57.68,,,,,,,,,,,,,
BARMM: Bangsamoro Autonomous Region in Muslim Mindanao,2000,24.3,24.35,24.26,58.35,58.65,57.98,,,,,,,,,,,,,
PHILIPPINES,2001,68.18,70.7,65.78,69.97,72.94,66.72,,,,,,,,,,,,,
NCR: National Capital Region,2001,74.29,75.66,73.0,68.43,71.91,64.57,,,,,,,,,,,,,
CAR: Cordillera Administrative Region,2001,59.55,63.85,55.6,61.75,64.15,59.07,,,,,,,,,,,,,
Region 1: Ilocos Region,2001,79.7,82.37,77.27,75.35,79.1,71.58,,,,,,,,,,,,,
Region 2: Cagayan Valley,2001,74.07,78.37,70.13,69.4,71.88,66.8,,,,,,,,,,,,,
Region 3: Central Luzon,2001,74.63,78.39,71.29,70.72,74.61,66.74,,,,,,,,,,,,,
Region 4A: CALABARZON,2001,80.87,83.74,78.18,76.79,79.64,73.69,,,,,,,,,,,,,
Region 5: Bicol Region,2001,70.17,74.13,66.51,67.92,72.05,63.5,,,,,,,,,,,,,
Region 6: Western Visayas,2001,63.88,62.46,65.29,71.47,72.48,70.03,,,,,,,,,,,,,
Region 7: Central Visayas,2001,71.52,74.61,68.45,68.64,73.28,63.3,,,,,,,,,,,,,
Region 8: Eastern Visayas,2001,63.64,67.98,59.57,64.9,67.38,62.05,,,,,,,,,,,,,
Region 9: Zamboanga Peninsula,2001,48.56,51.6,45.74,67.71,70.15,64.91,,,,,,,,,,,,,
Region 10: Northern Mindanao,2001,62.65,67.06,58.67,67.44,71.26,63.32,,,,,,,,,,,,,
Region 11: Davao Region,2001,67.55,71.06,64.23,68.53,70.92,65.82,,,,,,,,,,,,,
Region 12: SOCCSKSARGEN,2001,51.07,52.27,49.93,63.96,65.49,62.35,,,,,,,,,,,,,
CARAGA: Cordillera Administrative Region,2001,69.09,72.58,65.83,63.02,64.64,61.19,,,,,,,,,,,,,
BARMM: Bangsamoro Autonomous Region in Muslim Mindanao,2001,31.9,33.06,30.65,64.41,66.32,62.25,,,,,,,,,,,,,
PHILIPPINES,2002,71.55,76.32,67.23,74.81,79.98,69.5,,,,,,,,,,,,,
NCR: National Capital Region,2002,84.35,87.65,81.34,75.51,82.07,68.87,,,,,,,,,,,,,
CAR: Cordillera Administrative Region,2002,77.61,83.19,72.33,59.41,68.1,50.77,,,,,,,,,,,,,
Region 1: Ilocos Region,2002,86.74,90.61,83.26,79.29,83.83,74.83,,,,,,,,,,,,,
Region 2: Cagayan Valley,2002,72.6,77.27,68.4,69.95,74.04,65.72,,,,,,,,,,,,,
Region 3: Central Luzon,2002,81.14,85.51,77.27,72.88,78.84,66.96,,,,,,,,,,,,,
Region 4A: CALABARZON,2002,77.91,82.09,74.15,77.13,83.0,71.35,,,,,,,,,,,,,
MIMAROPA: Southwestern Tagalog Region,2002,69.19,75.02,63.99,76.83,80.71,72.6,,,,,,,,,,,,,
Region 5: Bicol Region,2002,76.1,81.31,71.4,77.81,82.82,72.6,,,,,,,,,,,,,
Region 6: Western Visayas,2002,60.21,63.02,57.47,73.28,80.59,65.69,,,,,,,,,,,,,
Region 7: Central Visayas,2002,79.66,86.24,73.72,81.14,82.56,79.6,,,,,,,,,,,,,
Region 8: Eastern Visayas,2002,64.43,71.93,57.81,63.49,67.31,59.41,,,,,,,,,,,,,
Region 9: Zamboanga Peninsula,2002,47.47,52.53,43.11,73.22,75.04,71.24,,,,,,,,,,,,,
Region 10: Northern Mindanao,2002,66.28,71.14,61.95,79.56,82.56,76.33,,,,,,,,,,,,,
Region 11: Davao Region,2002,68.51,73.06,64.19,73.08,79.0,66.82,,,,,,,,,,,,,
Region 12: SOCCSKSARGEN,2002,62.25,66.56,58.39,76.79,81.58,71.78,,,,,,,,,,,,,
CARAGA: Cordillera Administrative Region,2002,69.33,75.96,63.6,79.63,82.23,76.8,,,,,,,,,,,,,
BARMM: Bangsamoro Autonomous Region in Muslim Mindanao,2002,46.6,52.32,40.99,60.94,71.5,49.72,,,,,,,,,,,,,
PHILIPPINES,2003,70.24,75.63,65.42,71.67,77.2,66.03,,,,,,,,,,,,,
NCR: National Capital Region,2003,83.81,87.28,80.62,73.36,78.9,67.72,,,,,,,,,,,,,
CAR: Cordillera Administrative Region,2003,73.9,79.12,69.21,73.61,78.38,68.46,,,,,,,,,,,,,
Region 1: Ilocos Region,2003,84.46,87.6,81.63,75.53,81.79,69.48,,,,,,,,,,,,,
Region 2: Cagayan Valley,2003,78.63,84.76,73.24,76.66,81.23,71.91,,,,,,,,,,,,,
Region 3: Central Luzon,2003,83.25,88.64,78.5,71.3,77.0,65.64,,,,,,,,,,,,,
Region 4A: CALABARZON,2003,76.5,81.49,72.07,77.91,84.23,71.69,,,,,,,,,,,,,
MIMAROPA: Southwestern Tagalog Region,2003,70.42,76.17,65.32,72.25,76.14,68.16,,,,,,,,,,,,,
Region 5: Bicol Region,2003,71.7,77.94,66.18,69.74,75.39,63.95,,,,,,,,,,,,,
Region 6: Western Visayas,2003,68.05,75.08,61.97,75.37,82.13,68.6,,,,,,,,,,,,,
Region 7: Central Visayas,2003,70.93,78.44,64.34,69.45,77.04,61.85,,,,,,,,,,,,,
Region 8: Eastern Visayas,2003,68.19,76.53,60.94,68.88,73.5,64.03,,,,,,,,,,,,,
Region 9: Zamboanga Peninsula,2003,56.41,63.15,50.55,62.14,68.56,55.49,,,,,,,,,,,,,
Region 10: Northern Mindanao,2003,65.97,73.15,59.75,62.73,67.23,58.0,,,,,,,,,,,,,
Region 11: Davao Region,2003,64.66,71.78,58.47,61.38,66.73,55.85,,,,,,,,,,,,,
Region 12: SOCCSKSARGEN,2003,63.36,69.69,57.71,66.24,71.63,60.69,,,,,,,,,,,,,
CARAGA: Cordillera Administrative Region,2003,66.93,73.64,61.17,64.0,68.53,59.25,,,,,,,,,,,,,
BARMM: Bangsamoro Autonomous Region in Muslim Mindanao,2003,27.95,29.21,26.6,62.33,56.66,69.53,,,,,,,,,,,,,
PHILIPPINES,2004,69.06,75.2,63.63,72.38,77.8,66.87,,,,,,,,,,,,,
NCR: National Capital Region,2004,82.1,85.51,78.97,77.33,83.25,71.46,,,,,,,,,,,,,
CAR: Cordillera Administrative Region,2004,69.46,77.39,62.65,72.54,80.76,64.25,,,,,,,,,,,,,
Region 1: Ilocos Region,2004,85.49,89.37,82.01,77.81,84.63,71.23,,,,,,,,,,,,,
Region 2: Cagayan Valley,2004,75.5,82.09,69.78,73.01,78.18,67.71,,,,,,,,,,,,,
Region 3: Central Luzon,2004,78.48,82.84,74.6,76.57,82.4,70.78,,,,,,,,,,,,,
Region 4A: CALABARZON,2004,77.96,83.1,73.39,74.93,80.65,69.25,,,,,,,,,,,,,
MIMAROPA: Southwestern Tagalog Region,2004,68.81,75.84,62.65,71.2,76.3,65.9,,,,,,,,,,,,,
Region 5: Bicol Region,2004,74.32,80.78,68.56,70.55,75.63,65.32,,,,,,,,,,,,,
Region 6: Western Visayas,2004,67.44,75.98,60.18,72.82,80.02,65.62,,,,,,,,,,,,,
Region 7: Central Visayas,2004,70.99,80.2,63.02,70.55,75.77,65.24,,,,,,,,,,,,,
Region 8: Eastern Visayas,2004,68.99,77.8,61.33,71.67,76.28,66.8,,,,,,,,,,,,,
Region 9: Zamboanga Peninsula,2004,54.02,62.26,47.05,66.29,71.63,60.61,,,,,,,,,,,,,
Region 10: Northern Mindanao,2004,58.06,65.31,51.82,61.21,67.08,55.21,,,,,,,,,,,,,
Region 11: Davao Region,2004,62.47,71.07,55.11,68.81,73.35,64.01,,,,,,,,,,,,,
Region 12: SOCCSKSARGEN,2004,60.58,68.05,53.99,76.91,82.67,70.97,,,,,,,,,,,,,
CARAGA: Cordillera Administrative Region,2004,59.32,68.11,52.0,71.9,76.28,67.33,,,,,,,,,,,,,
BARMM: Bangsamoro Autonomous Region in Muslim Mindanao,2004,31.33,33.35,29.22,45.29,44.01,46.82,,,,,,,,,,,,,
PHILIPPINES,2005,68.11,73.46,63.29,61.66,68.14,55.06,,,,,,,,,,,,,
NCR: National Capital Region,2005,82.5,85.01,80.18,65.87,69.86,61.81,,,,,,,,,,,,,
CAR: Cordillera Administrative Region,2005,67.53,73.23,62.42,63.2,71.43,54.59,,,,,,,,,,,,,
Region 1: Ilocos Region,2005,85.48,90.13,81.33,72.09,78.44,65.87,,,,,,,,,,,,,
Region 2: Cagayan Valley,2005,76.4,82.87,70.72,68.82,74.58,62.86,,,,,,,,,,,,,
Region 3: Central Luzon,2005,80.16,84.91,75.96,70.26,76.91,63.65,,,,,,,,,,,,,
Region 4A: CALABARZON,2005,76.98,82.26,72.27,68.42,75.75,61.22,,,,,,,,,,,,,
MIMAROPA: Southwestern Tagalog Region,2005,67.17,73.76,61.35,52.76,58.75,46.6,,,,,,,,,,,,,
Region 5: Bicol Region,2005,71.69,78.18,65.93,54.25,61.3,46.95,,,,,,,,,,,,,
Region 6: Western Visayas,2005,66.3,74.38,59.35,61.21,69.35,53.02,,,,,,,,,,,,,
Region 7: Central Visayas,2005,69.3,77.39,62.09,53.43,62.58,44.33,,,,,,,,,,,,,
Region 8: Eastern Visayas,2005,58.44,65.11,52.54,54.1,59.36,48.52,,,,,,,,,,,,,
Region 9: Zamboanga Peninsula,2005,53.8,60.7,47.82,46.82,52.36,40.95,,,,,,,,,,,,,
Region 10: Northern Mindanao,2005,59.73,66.53,53.76,57.23,63.02,51.09,,,,,,,,,,,,,
Region 11: Davao Region,2005,56.59,63.19,50.83,51.38,59.06,43.53,,,,,,,,,,,,,
Region 12: SOCCSKSARGEN,2005,58.0,64.93,51.82,48.87,54.59,43.02,,,,,,,,,,,,,
CARAGA: Cordillera Administrative Region,2005,67.07,74.62,60.55,58.02,63.23,52.5,,,,,,,,,,,,,
BARMM: Bangsamoro Autonomous Region in Muslim Mindanao,2005,34.76,34.56,34.85,53.0,54.81,50.93,,,,,,,,,,,,,
PHILIPPINES,2006,71.72,76.7,67.28,72.14,76.96,67.17,,,,,,,,,,,,,
NCR: National Capital Region,2006,88.48,91.3,85.77,71.62,74.0,66.62,,,,,,,,,,,,,
CAR: Cordillera Administrative Region,2006,74.99,80.98,69.72,83.69,89.65,77.44,,,,,,,,,,,,,
Region 1: Ilocos Region,2006,81.64,84.86,78.76,84.19,88.44,80.01,,,,,,,,,,,,,
Region 2: Cagayan Valley,2006,78.49,84.76,73.06,77.19,81.34,72.86,,,,,,,,,,,,,
Region 3: Central Luzon,2006,82.16,86.22,78.55,74.57,79.55,69.6,,,,,,,,,,,,,
Region 4A: CALABARZON,2006,81.83,86.13,77.99,80.09,86.24,73.9,,,,,,,,,,,,,
MIMAROPA: Southwestern Tagalog Region,2006,70.04,76.1,64.69,73.22,78.83,67.47,,,,,,,,,,,,,
Region 5: Bicol Region,2006,73.04,78.46,68.2,70.32,76.04,64.24,,,,,,,,,,,,,
Region 6: Western Visayas,2006,70.62,78.15,64.14,70.0,76.96,62.87,,,,,,,,,,,,,
Region 7: Central Visayas,2006,77.85,84.2,72.13,70.27,76.31,63.93,,,,,,,,,,,,,
Region 8: Eastern Visayas,2006,65.39,71.1,60.14,69.02,72.75,65.03,,,,,,,,,,,,,
Region 9: Zamboanga Peninsula,2006,58.6,65.84,52.38,70.95,73.74,67.88,,,,,,,,,,,,,
Region 10: Northern Mindanao,2006,65.87,72.11,60.43,66.38,71.56,60.85,,,,,,,,,,,,,
Region 11: Davao Region,2006,57.22,63.12,52.06,64.75,69.0,60.14,,,,,,,,,,,,,
Region 12: SOCCSKSARGEN,2006,62.07,67.68,56.94,55.93,58.99,52.7,,,,,,,,,,,,,
CARAGA: Cordillera Administrative Region,2006,64.23,71.17,58.28,69.92,74.48,65.07,,,,,,,,,,,,,
BARMM: Bangsamoro Autonomous Region in Muslim Mindanao,2006,31.43,37.24,26.12,35.21,37.81,32.22,,,,,,,,,,,,,
PHILIPPINES,2007,73.06,78.29,68.37,75.37,80.47,70.15,,,,,,,,,,,,,
NCR: National Capital Region,2007,85.35,89.37,81.33,78.71,86.03,71.64,,,,,,,,,,,,,
CAR: Cordillera Administrative Region,2007,71.7,76.76,67.23,75.67,82.36,68.82,,,,,,,,,,,,,
Region 1: Ilocos Region,2007,82.71,86.1,79.69,82.34,87.56,77.28,,,,,,,,,,,,,
Region 2: Cagayan Valley,2007,78.06,83.23,73.47,78.96,82.98,74.8,,,,,,,,,,,,,
Region 3: Central Luzon,2007,80.68,84.7,77.09,76.58,81.81,71.44,,,,,,,,,,,,,
Region 4A: CALABARZON,2007,79.29,84.62,74.54,80.64,86.81,74.53,,,,,,,,,,,,,
MIMAROPA: Southwestern Tagalog Region,2007,68.06,72.43,64.14,72.59,76.58,68.36,,,,,,,,,,,,,
Region 5: Bicol Region,2007,74.36,79.29,69.96,74.05,77.81,69.95,,,,,,,,,,,,,
Region 6: Western Visayas,2007,71.87,78.95,65.78,75.52,80.78,69.96,,,,,,,,,,,,,
Region 7: Central Visayas,2007,78.38,84.91,72.53,72.59,80.34,64.71,,,,,,,,,,,,,
Region 8: Eastern Visayas,2007,69.51,75.76,63.93,69.68,72.61,66.49,,,,,,,,,,,,,
Region 9: Zamboanga Peninsula,2007,60.14,67.07,54.07,69.44,74.19,64.38,,,,,,,,,,,,,
Region 10: Northern Mindanao,2007,67.94,73.93,62.66,71.68,76.16,66.94,,,,,,,,,,,,,
Region 11: Davao Region,2007,65.49,72.39,59.42,70.45,74.28,66.32,,,,,,,,,,,,,
Region 12: SOCCSKSARGEN,2007,65.46,71.39,60.09,70.93,74.69,66.97,,,,,,,,,,,,,
CARAGA: Cordillera Administrative Region,2007,71.82,78.61,65.93,72.98,75.54,70.24,,,,,,,,,,,,,
BARMM: Bangsamoro Autonomous Region in Muslim Mindanao,2007,41.29,44.8,37.7,65.36,66.85,63.52,,,,,,,,,,,,,
PHILIPPINES,2008,73.28,77.89,69.13,75.24,79.94,70.44,,,,,,,,,,,,,
NCR: National Capital Region,2008,85.27,87.46,82.91,79.6,84.87,74.35,,,,,,,,,,,,,
CAR: Cordillera Administrative Region,2008,75.81,81.19,71.11,82.38,89.2,75.41,,,,,,,,,,,,,
Region 1: Ilocos Region,2008,84.83,87.34,82.56,81.21,85.54,77.01,,,,,,,,,,,,,
Region 2: Cagayan Valley,2008,80.45,84.65,76.69,79.76,83.73,75.65,,,,,,,,,,,,,
Region 3: Central Luzon,2008,81.35,85.29,77.83,76.29,80.57,72.06,,,,,,,,,,,,,
Region 4A: CALABARZON,2008,81.62,86.07,77.63,81.0,86.93,75.12,,,,,,,,,,,,,
MIMAROPA: Southwestern Tagalog Region,2008,71.64,76.54,67.27,72.56,76.48,68.5,,,,,,,,,,,,,
Region 5: Bicol Region,2008,74.39,79.32,70.02,73.14,78.2,67.95,,,,,,,,,,,,,
Region 6: Western Visayas,2008,72.6,78.94,67.12,76.35,81.94,70.66,,,,,,,,,,,,,
Region 7: Central Visayas,2008,78.83,84.68,73.57,73.32,78.52,67.9,,,,,,,,,,,,,
Region 8: Eastern Visayas,2008,71.65,78.32,65.81,70.56,74.56,66.29,,,,,,,,,,,,,
Region 9: Zamboanga Peninsula,2008,58.77,64.91,53.45,68.74,72.47,64.7,,,,,,,,,,,,,
Region 10: Northern Mindanao,2008,68.67,74.66,63.39,70.38,75.4,65.2,,,,,,,,,,,,,
Region 11: Davao Region,2008,62.72,69.39,56.96,72.57,77.73,67.17,,,,,,,,,,,,,
Region 12: SOCCSKSARGEN,2008,66.01,72.15,60.54,68.24,72.6,63.75,,,,,,,,,,,,,
CARAGA: Cordillera Administrative Region,2008,71.89,77.55,66.92,73.64,76.48,70.7,,,,,,,,,,,,,
BARMM: Bangsamoro Autonomous Region in Muslim Mindanao,2008,37.5,40.24,34.62,53.55,55.35,51.32,,,,,,,,,,,,,
PHILIPPINES,2009,72.18,77.54,67.44,73.55,78.25,68.83,,,,,,,,,,,,,
NCR: National Capital Region,2009,79.66,83.11,76.49,75.8,80.78,70.94,,,,,,,,,,,,,
CAR: Cordillera Administrative Region,2009,77.13,83.98,71.13,63.35,72.33,54.7,,,,,,,,,,,,,
Region 1: Ilocos Region,2009,83.09,86.82,79.76,80.39,85.32,75.71,,,,,,,,,,,,,
Region 2: Cagayan Valley,2009,78.25,83.9,73.35,77.96,82.21,73.71,,,,,,,,,,,,,
Region 3: Central Luzon,2009,81.87,86.08,78.16,76.14,81.93,70.62,,,,,,,,,,,,,
Region 4A: CALABARZON,2009,84.84,89.33,80.15,81.17,88.81,74.18,,,,,,,,,,,,,
MIMAROPA: Southwestern Tagalog Region,2009,69.38,74.39,64.98,73.13,78.96,67.43,,,,,,,,,,,,,
Region 5: Bicol Region,2009,74.45,79.37,70.1,73.61,78.27,68.87,,,,,,,,,,,,,
Region 6: Western Visayas,2009,72.54,79.39,66.69,76.27,80.69,71.8,,,,,,,,,,,,,
Region 7: Central Visayas,2009,76.84,83.3,71.22,73.12,78.9,67.29,,,,,,,,,,,,,
Region 8: Eastern Visayas,2009,69.46,75.79,64.04,69.88,72.87,66.69,,,,,,,,,,,,,
Region 9: Zamboanga Peninsula,2009,59.84,66.58,54.11,69.72,71.49,67.85,,,,,,,,,,,,,
Region 10: Northern Mindanao,2009,64.46,71.95,58.1,65.87,70.92,60.74,,,,,,,,,,,,,
Region 11: Davao Region,2009,66.97,74.26,60.73,68.78,70.44,66.96,,,,,,,,,,,,,
Region 12: SOCCSKSARGEN,2009,62.29,68.71,56.64,73.3,76.64,69.78,,,,,,,,,,,,,
CARAGA: Cordillera Administrative Region,2009,66.36,73.8,60.11,59.85,63.41,56.24,,,,,,,,,,,,,
BARMM: Bangsamoro Autonomous Region in Muslim Mindanao,2009,37.23,41.33,33.1,65.4,67.63,62.59,,,,,,,,,,,,,
PHILIPPINES,2010,72.11,77.14,67.65,75.06,80.27,69.88,,,,,,,,,,,,,
NCR: National Capital Region,2010,82.85,86.54,79.51,75.91,81.46,70.56,,,,,,,,,,,,,
CAR: Cordillera Administrative Region,2010,71.79,75.98,68.07,75.15,81.12,69.2,,,,,,,,,,,,,
Region 1: Ilocos Region,2010,82.8,85.95,80.01,78.78,83.82,74.04,,,,,,,,,,,,,
Region 2: Cagayan Valley,2010,77.47,82.52,73.06,79.07,82.57,75.56,,,,,,,,,,,,,
Region 3: Central Luzon,2010,80.22,84.92,76.1,77.76,83.22,72.51,,,,,,,,,,,,,
Region 4A: CALABARZON,2010,82.14,87.54,77.37,79.79,85.55,74.16,,,,,,,,,,,,,
MIMAROPA: Southwestern Tagalog Region,2010,72.92,78.95,67.68,70.4,75.97,64.86,,,,,,,,,,,,,
Region 5: Bicol Region,2010,74.54,80.04,69.72,73.0,80.49,65.67,,,,,,,,,,,,,
Region 6: Western Visayas,2010,71.15,77.87,65.42,74.64,80.17,69.26,,,,,,,,,,,,,
Region 7: Central Visayas,2010,76.56,82.85,71.05,75.35,80.72,70.01,,,,,,,,,,,,,
Region 8: Eastern Visayas,2010,71.79,77.73,66.63,69.7,74.24,65.05,,,,,,,,,,,,,
Region 9: Zamboanga Peninsula,2010,58.72,65.11,53.27,68.29,72.97,63.44,,,,,,,,,,,,,
Region 10: Northern Mindanao,2010,65.47,71.9,59.88,79.94,83.55,76.26,,,,,,,,,,,,,
Region 11: Davao Region,2010,63.7,70.78,57.65,72.96,81.34,64.58,,,,,,,,,,,,,
Region 12: SOCCSKSARGEN,2010,63.35,68.42,58.8,72.34,75.63,68.95,,,,,,,,,,,,,
CARAGA: Cordillera Administrative Region,2010,71.21,77.64,65.75,71.04,74.86,67.24,,,,,,,,,,,,,
BARMM: Bangsamoro Autonomous Region in Muslim Mindanao,2010,39.29,41.7,36.75,59.47,61.8,56.55,,,,,,,,,,,,,
PHILIPPINES,2011,71.01,75.7,66.83,74.4,80.3,68.61,,,,,,,,,,,,,
NCR: National Capital Region,2011,83.07,85.9,79.8,79.08,84.48,73.83,,,,,,,,,,,,,
CAR: Cordillera Administrative Region,2011,78.86,84.77,73.7,80.02,89.73,70.64,,,,,,,,,,,,,
Region 1: Ilocos Region,2011,82.39,85.76,79.42,75.02,80.9,69.54,,,,,,,,,,,,,
Region 2: Cagayan Valley,2011,73.08,77.28,69.36,77.84,82.95,72.82,,,,,,,,,,,,,
Region 3: Central Luzon,2011,80.32,84.32,76.77,75.21,80.86,69.84,,,,,,,,,,,,,
Region 4A: CALABARZON,2011,85.42,89.05,81.55,84.01,89.15,78.99,,,,,,,,,,,,,
MIMAROPA: Southwestern Tagalog Region,2011,72.38,77.46,67.9,72.82,79.88,66.02,,,,,,,,,,,,,
Region 5: Bicol Region,2011,74.78,80.18,70.04,71.43,78.57,64.46,,,,,,,,,,,,,
Region 6: Western Visayas,2011,74.61,80.84,69.2,75.46,81.98,69.17,,,,,,,,,,,,,
Region 7: Central Visayas,2011,80.37,86.83,74.67,74.56,82.47,67.06,,,,,,,,,,,,,
Region 8: Eastern Visayas,2011,66.11,72.18,60.9,67.78,74.16,61.46,,,,,,,,,,,,,
Region 9: Zamboanga Peninsula,2011,59.93,66.73,54.09,70.01,75.56,64.37,,,,,,,,,,,,,
Region 10: Northern Mindanao,2011,63.84,70.28,58.22,64.97,71.38,58.72,,,,,,,,,,,,,
Region 11: Davao Region,2011,61.62,68.66,55.59,68.63,74.95,62.22,,,,,,,,,,,,,
Region 12: SOCCSKSARGEN,2011,63.36,69.17,58.19,69.21,74.29,64.11,,,,,,,,,,,,,
CARAGA: Cordillera Administrative Region,2011,66.0,73.2,59.96,69.53,73.82,65.33,,,,,,,,,,,,,
BARMM: Bangsamoro Autonomous Region in Muslim Mindanao,2011,23.46,24.72,22.04,55.98,59.86,51.19,,,,,,,,,,,,,
PHILIPPINES,2012,72.66,77.17,68.62,74.64,79.74,69.6,,,,,,,,,,,,,
NCR: National Capital Region,2012,80.03,83.77,76.64,76.68,82.12,71.47,,,,,,,,,,,,,
CAR: Cordillera Administrative Region,2012,78.23,82.69,74.26,78.43,85.51,71.45,,,,,,,,,,,,,
Region 1: Ilocos Region,2012,85.21,87.97,82.74,80.27,85.69,75.16,,,,,,,,,,,,,
Region 2: Cagayan Valley,2012,82.02,86.3,78.22,77.6,82.56,72.69,,,,,,,,,,,,,
Region 3: Central Luzon,2012,82.59,86.21,79.36,76.0,81.12,71.11,,,,,,,,,,,,,
Region 4A: CALABARZON,2012,84.81,89.72,80.47,82.32,87.3,77.54,,,,,,,,,,,,,
MIMAROPA: Southwestern Tagalog Region,2012,74.17,79.8,69.24,76.63,82.12,71.24,,,,,,,,,,,,,
Region 5: Bicol Region,2012,76.82,81.85,72.41,71.88,78.93,65.0,,,,,,,,,,,,,
Region 6: Western Visayas,2012,78.59,84.53,73.4,75.71,81.48,70.16,,,,,,,,,,,,,
Region 7: Central Visayas,2012,80.86,87.45,75.03,74.36,80.84,68.07,,,,,,,,,,,,,
Region 8: Eastern Visayas,2012,74.04,79.34,69.45,70.66,75.69,65.57,,,,,,,,,,,,,
Region 9: Zamboanga Peninsula,2012,55.49,61.28,50.5,64.56,69.53,59.44,,,,,,,,,,,,,
Region 10: Northern Mindanao,2012,63.25,68.47,58.65,72.22,77.86,66.57,,,,,,,,,,,,,
Region 11: Davao Region,2012,64.52,71.19,58.78,72.22,77.03,67.21,,,,,,,,,,,,,
Region 12: SOCCSKSARGEN,2012,66.0,71.49,61.06,71.76,75.83,67.61,,,,,,,,,,,,,
CARAGA: Cordillera Administrative Region,2012,72.38,79.94,65.96,69.78,74.36,65.25,,,,,,,,,,,,,
BARMM: Bangsamoro Autonomous Region in Muslim Mindanao,2012,26.6,28.61,24.45,52.55,54.05,50.58,,,,,,,,,,,,,
PHILIPPINES,2013,77.67,81.33,74.38,76.25,81.01,71.57,,,,,,,,,,,,,
NCR: National Capital Region,2013,78.72,81.3,76.36,76.33,80.4,72.38,,,,,,,,,,,,,
CAR: Cordillera Administrative Region,2013,82.61,85.53,79.97,76.34,82.86,69.97,,,,,,,,,,,,,
Region 1: Ilocos Region,2013,91.14,93.44,89.07,82.48,87.7,77.6,,,,,,,,,,,,,
Region 2: Cagayan Valley,2013,87.88,91.33,84.8,81.99,85.68,78.37,,,,,,,,,,,,,
Region 3: Central Luzon,2013,90.8,93.44,88.43,82.98,86.97,79.13,,,,,,,,,,,,,
Region 4A: CALABARZON,2013,72.54,76.27,69.25,77.92,83.36,72.76,,,,,,,,,,,,,
MIMAROPA: Southwestern Tagalog Region,2013,78.06,81.99,74.57,76.75,81.7,71.89,,,,,,,,,,,,,
Region 5: Bicol Region,2013,84.95,89.02,81.31,75.48,81.7,69.4,,,,,,,,,,,,,
Region 6: Western Visayas,2013,85.68,89.64,82.15,78.34,83.32,73.56,,,,,,,,,,,,,
Region 7: Central Visayas,2013,85.82,90.3,81.81,78.45,85.11,72.03,,,,,,,,,,,,,
Region 8: Eastern Visayas,2013,80.9,85.78,76.64,74.06,79.47,68.7,,,,,,,,,,,,,
Region 9: Zamboanga Peninsula,2013,60.78,64.87,57.12,67.75,72.91,62.43,,,,,,,,,,,,,
Region 10: Northern Mindanao,2013,72.12,77.99,66.95,69.11,73.15,65.0,,,,,,,,,,,,,
Region 11: Davao Region,2013,75.51,81.12,70.56,71.89,76.36,67.31,,,,,,,,,,,,,
Region 12: SOCCSKSARGEN,2013,73.6,78.73,68.99,73.9,79.32,68.42,,,,,,,,,,,,,
CARAGA: Cordillera Administrative Region,2013,80.73,86.06,76.04,73.4,77.19,69.55,,,,,,,,,,,,,
BARMM: Bangsamoro Autonomous Region in Muslim Mindanao,2013,39.16,41.78,36.42,56.17,58.74,52.86,,,,,,,,,,,,,
PHILIPPINES,2014,83.74,86.23,81.45,77.77,81.7,73.93,,,,,,,,,,,,,
NCR: National Capital Region,2014,74.71,77.56,72.13,77.27,81.74,73.04,,,,,,,,,,,,,
CAR: Cordillera Administrative Region,2014,86.43,90.1,83.09,76.91,83.43,70.66,,,,,,,,,,,,,
Region 1: Ilocos Region,2014,94.54,95.56,93.6,83.57,87.52,79.86,,,,,,,,,,,,,
Region 2: Cagayan Valley,2014,87.06,90.28,84.19,79.35,84.01,74.85,,,,,,,,,,,,,
Region 3: Central Luzon,2014,88.93,91.66,86.49,79.23,83.43,75.27,,,,,,,,,,,,,
Region 4A: CALABARZON,2014,92.29,94.24,90.47,82.27,85.3,79.33,,,,,,,,,,,,,
MIMAROPA: Southwestern Tagalog Region,2014,86.88,89.52,84.47,77.44,81.98,73.0,,,,,,,,,,,,,
Region 5: Bicol Region,2014,86.25,89.38,83.43,76.37,82.52,70.46,,,,,,,,,,,,,
Region 6: Western Visayas,2014,90.09,92.65,87.77,81.87,86.64,77.41,,,,,,,,,,,,,
Region 7: Central Visayas,2014,86.09,90.33,82.31,75.77,81.96,69.89,,,,,,,,,,,,,
Region 8: Eastern Visayas,2014,85.37,88.32,82.73,69.16,73.71,64.79,,,,,,,,,,,,,
Region 9: Zamboanga Peninsula,2014,92.86,94.92,90.69,77.2,79.77,74.54,,,,,,,,,,,,,
Region 10: Northern Mindanao,2014,82.57,86.48,79.01,76.94,81.62,72.26,,,,,,,,,,,,,
Region 11: Davao Region,2014,83.34,86.89,80.13,79.76,82.37,77.09,,,,,,,,,,,,,
Region 12: SOCCSKSARGEN,2014,93.31,96.17,90.51,84.46,85.49,83.4,,,,,,,,,,,,,
CARAGA: Cordillera Administrative Region,2014,86.86,90.02,83.94,77.51,79.65,75.34,,,,,,,,,,,,,
BARMM: Bangsamoro Autonomous Region in Muslim Mindanao,2014,35.33,36.58,33.92,48.73,50.29,46.67,,,,,,,,,,,,,
PHILIPPINES,2015,84.02,87.43,80.97,74.03,78.47,69.68,,,,,,,,,,,,,
NCR: National Capital Region,2015,82.29,84.88,79.93,74.23,77.77,70.82,,,,,,,,,,,,,
CAR: Cordillera Administrative Region,2015,86.22,89.11,83.67,69.97,77.25,62.98,,,,,,,,,,,,,
Region 1: Ilocos Region,2015,91.5,93.01,90.14,76.44,81.0,72.19,,,,,,,,,,,,,
Region 2: Cagayan Valley,2015,89.0,92.87,85.57,73.68,78.9,68.66,,,,,,,,,,,,,
Region 3: Central Luzon,2015,89.14,91.87,86.69,72.44,76.31,68.75,,,,,,,,,,,,,
Region 4A: CALABARZON,2015,88.46,91.05,86.12,81.56,84.92,78.27,,,,,,,,,,,,,
MIMAROPA: Southwestern Tagalog Region,2015,90.21,94.1,86.81,76.6,81.3,72.01,,,,,,,,,,,,,
Region 5: Bicol Region,2015,85.44,88.72,82.52,69.45,76.05,63.1,,,,,,,,,,,,,
Region 6: Western Visayas,2015,88.94,92.98,85.41,74.79,80.45,69.48,,,,,,,,,,,,,
Region 7: Central Visayas,2015,88.49,93.69,83.08,75.3,80.6,70.07,,,,,,,,,,,,,
Region 8: Eastern Visayas,2015,87.94,92.06,84.3,70.14,75.88,64.63,,,,,,,,,,,,,
Region 9: Zamboanga Peninsula,2015,79.7,84.08,75.82,70.65,76.14,65.04,,,,,,,,,,,,,
Region 10: Northern Mindanao,2015,83.98,89.07,79.49,72.1,77.24,66.94,,,,,,,,,,,,,
Region 11: Davao Region,2015,88.84,93.81,84.43,73.44,78.21,68.62,,,,,,,,,,,,,
Region 12: SOCCSKSARGEN,2015,83.68,87.75,79.99,73.0,76.37,69.58,,,,,,,,,,,,,
CARAGA: Cordillera Administrative Region,2015,84.24,87.86,81.01,70.56,73.82,67.29,,,,,,,,,,,,,
BARMM: Bangsamoro Autonomous Region in Muslim Mindanao,2015,37.15,40.07,34.17,63.99,65.03,62.63,,,,,,,,,,,,,
PHILIPPINES,2016,93.06,95.52,90.83,80.91,85.6,76.2,,,,,,,,,,,,,6518.0
NCR: National Capital Region,2016,85.97,87.43,84.61,80.29,84.49,76.13,,,,,,,,,,,,,610.0
CAR: Cordillera Administrative Region,2016,93.51,96.11,91.19,79.78,86.53,73.03,,,,,,,,,,,,,201.0
Region 1: Ilocos Region,2016,97.41,98.94,96.04,86.57,91.73,81.68,,,,,,,,,,,,,474.0
Region 2: Cagayan Valley,2016,95.01,97.51,92.76,81.46,85.88,77.07,,,,,,,,,,,,,270.0
Region 3: Central Luzon,2016,98.05,99.46,96.28,84.85,89.05,80.75,,,,,,,,,,,,,280.0
Region 4A: CALABARZON,2016,99.53,99.74,99.3,88.85,93.09,84.68,,,,,,,,,,,,,833.0
MIMAROPA: Southwestern Tagalog Region,2016,92.05,94.65,89.72,78.7,83.32,74.03,,,,,,,,,,,,,139.0
Region 5: Bicol Region,2016,94.59,97.36,92.11,76.15,82.6,69.63,,,,,,,,,,,,,467.0
Region 6: Western Visayas,2016,94.76,97.62,92.23,81.92,87.77,76.18,,,,,,,,,,,,,357.0
Region 7: Central Visayas,2016,94.93,96.5,93.26,78.33,84.46,72.21,,,,,,,,,,,,,441.0
Region 8: Eastern Visayas,2016,94.25,97.05,91.71,75.31,80.94,69.68,,,,,,,,,,,,,708.0
Region 9: Zamboanga Peninsula,2016,85.75,89.93,82.04,72.42,77.73,66.78,,,,,,,,,,,,,356.0
Region 10: Northern Mindanao,2016,91.92,95.11,89.03,79.79,84.84,74.58,,,,,,,,,,,,,585.0
Region 11: Davao Region,2016,92.22,95.71,89.09,78.87,83.23,74.32,,,,,,,,,,,,,294.0
Region 12: SOCCSKSARGEN,2016,86.06,89.32,83.1,74.41,77.54,71.16,,,,,,,,,,,,,216.0
CARAGA: Cordillera Administrative Region,2016,92.26,94.44,90.3,77.2,79.99,74.35,,,,,,,,,,,,,67.0
BARMM: Bangsamoro Autonomous Region in Muslim Mindanao,2016,65.47,68.95,61.82,78.67,79.87,77.11,,,,,,,,,,,,,220.0
PHILIPPINES,2017,92.41,94.61,90.41,84.32,88.12,80.52,,,,,,,,,,,,,11159.0
NCR: National Capital Region,2017,94.65,96.05,93.35,90.62,94.05,87.22,,,,,,,,,,,,,1028.0
CAR: Cordillera Administrative Region,2017,91.64,93.96,89.57,81.23,87.13,75.47,,,,,,,,,,,,,302.0
Region 1: Ilocos Region,2017,95.45,96.3,94.7,87.82,91.72,84.1,,,,,,,,,,,,,455.0
Region 2: Cagayan Valley,2017,93.59,95.48,91.87,83.81,88.15,79.53,,,,,,,,,,,,,612.0
Region 3: Central Luzon,2017,96.02,97.61,94.54,85.96,89.9,82.14,,,,,,,,,,,,,262.0
Region 4A: CALABARZON,2017,98.44,99.62,97.19,90.72,93.77,87.71,,,,,,,,,,,,,1067.0
MIMAROPA: Southwestern Tagalog Region,2017,93.17,95.75,90.85,83.89,88.17,79.66,,,,,,,,,,,,,523.0
Region 5: Bicol Region,2017,93.22,95.38,91.29,83.19,87.85,78.46,,,,,,,,,,,,,940.0
Region 6: Western Visayas,2017,94.12,97.05,91.55,84.7,89.28,80.17,,,,,,,,,,,,,997.0
Region 7: Central Visayas,2017,92.16,95.04,89.59,83.88,88.8,78.99,,,,,,,,,,,,,965.0
Region 8: Eastern Visayas,2017,93.32,95.87,91.04,79.29,84.49,74.1,,,,,,,,,,,,,1307.0
Region 9: Zamboanga Peninsula,2017,89.73,93.74,86.15,78.16,82.43,73.68,,,,,,,,,,,,,690.0
Region 10: Northern Mindanao,2017,90.07,93.78,86.76,79.03,83.68,74.27,,,,,,,,,,,,,607.0
Region 11: Davao Region,2017,92.11,94.96,89.54,80.17,83.94,76.29,,,,,,,,,,,,,356.0
Region 12: SOCCSKSARGEN,2017,91.08,93.87,88.53,79.86,83.21,76.4,,,,,,,,,,,,,596.0
CARAGA: Cordillera Administrative Region,2017,90.94,94.02,88.18,82.42,84.98,79.82,,,,,,,,,,,,,107.0
BARMM: Bangsamoro Autonomous Region in Muslim Mindanao,2017,54.17,55.4,52.84,62.13,62.1,62.24,,,,,,,,,,,,,345.0
PHILIPPINES,2018,97.15,99.12,95.26,88.84,92.97,84.73,81.01,84.78,77.23,,,,,,,,,,10118.0
NCR: National Capital Region,2018,99.04,100.0,97.85,92.8,96.13,89.49,82.64,86.92,78.35,,,,,,,,,,1280.0
CAR: Cordillera Administrative Region,2018,97.52,98.76,96.2,87.01,93.18,81.04,81.07,88.36,73.88,,,,,,,,,,166.0
Region 1: Ilocos Region,2018,98.1,99.25,97.02,90.89,94.6,87.35,83.26,86.38,80.25,,,,,,,,,,475.0
Region 2: Cagayan Valley,2018,97.56,99.12,96.13,88.52,92.63,84.36,82.32,86.12,78.47,,,,,,,,,,447.0
Region 3: Central Luzon,2018,99.13,99.98,98.01,90.41,93.91,86.96,81.76,84.95,78.57,,,,,,,,,,354.0
Region 4A: CALABARZON,2018,99.8,100.0,98.74,93.22,96.35,89.79,81.66,85.25,77.8,,,,,,,,,,1440.0
MIMAROPA: Southwestern Tagalog Region,2018,94.8,97.14,92.65,83.17,87.63,78.79,70.69,74.48,66.95,,,,,,,,,,709.0
Region 5: Bicol Region,2018,96.43,98.66,94.41,86.43,92.07,80.84,78.34,83.2,73.5,,,,,,,,,,543.0
Region 6: Western Visayas,2018,97.03,98.81,95.42,88.53,92.38,84.74,79.46,83.13,75.75,,,,,,,,,,598.0
Region 7: Central Visayas,2018,98.59,100.0,96.57,92.29,95.51,88.06,86.49,89.81,81.54,,,,,,,,,,667.0
Region 8: Eastern Visayas,2018,94.13,96.94,91.61,82.62,87.76,77.54,75.54,79.31,71.78,,,,,,,,,,500.0
Region 9: Zamboanga Peninsula,2018,97.02,99.08,94.24,82.52,88.59,76.28,75.14,78.92,71.25,,,,,,,,,,426.0
Region 10: Northern Mindanao,2018,94.78,96.68,92.78,86.28,90.18,82.2,78.32,81.43,74.25,,,,,,,,,,658.0
Region 11: Davao Region,2018,96.65,99.48,93.44,84.85,90.5,79.18,78.53,83.33,73.64,,,,,,,,,,714.0
Region 12: SOCCSKSARGEN,2018,94.71,97.47,92.02,81.79,86.12,77.36,74.83,78.07,70.03,,,,,,,,,,493.0
CARAGA: Cordillera Administrative Region,2018,95.36,98.17,92.8,85.41,89.55,81.32,78.16,80.59,75.73,,,,,,,,,,165.0
BARMM: Bangsamoro Autonomous Region in Muslim Mindanao,2018,76.72,79.14,74.2,93.81,93.6,92.8,68.08,67.73,67.6,,,,,,,,,,483.0
PHILIPPINES,2019,96.56,98.08,95.1,85.75,89.69,81.89,76.71,80.45,73.03,,,,,,,,,,10855.0
NCR: National Capital Region,2019,94.97,95.7,94.21,87.31,90.32,84.37,76.28,79.62,72.96,,,,,,,,,,1409.0
CAR: Cordillera Administrative Region,2019,95.81,97.17,94.57,81.69,87.61,76.02,76.25,82.86,69.88,,,,,,,,,,260.0
Region 1: Ilocos Region,2019,98.97,99.54,98.44,89.12,92.9,85.58,80.57,84.22,77.13,,,,,,,,,,501.0
Region 2: Cagayan Valley,2019,97.51,98.93,96.13,87.7,91.53,84.02,80.76,84.19,77.44,,,,,,,,,,686.0
Region 3: Central Luzon,2019,98.67,99.58,97.54,89.7,92.8,86.71,77.12,79.89,74.44,,,,,,,,,,839.0
Region 4A: CALABARZON,2019,99.45,99.82,98.77,90.12,92.92,87.41,79.68,82.79,76.63,,,,,,,,,,817.0
MIMAROPA: Southwestern Tagalog Region,2019,96.65,98.42,95.0,85.19,89.24,81.28,72.04,75.79,68.38,,,,,,,,,,413.0
Region 5: Bicol Region,2019,95.6,97.72,93.65,82.52,87.72,77.53,72.83,77.48,68.35,,,,,,,,,,571.0
Region 6: Western Visayas,2019,96.7,98.13,95.4,85.19,89.82,80.77,77.24,81.6,72.73,,,,,,,,,,317.0
Region 7: Central Visayas,2019,96.3,98.07,94.45,83.76,89.02,78.67,77.4,82.69,71.26,,,,,,,,,,769.0
Region 8: Eastern Visayas,2019,95.48,96.79,94.26,81.77,86.8,76.86,73.49,77.38,69.72,,,,,,,,,,429.0
Region 9: Zamboanga Peninsula,2019,94.94,97.93,92.14,77.27,82.93,71.57,68.39,73.36,63.18,,,,,,,,,,557.0
Region 10: Northern Mindanao,2019,94.44,96.74,92.32,82.2,85.8,78.59,73.29,77.08,69.24,,,,,,,,,,905.0
Region 11: Davao Region,2019,95.29,97.85,92.88,81.51,86.45,76.56,72.25,76.7,67.46,,,,,,,,,,910.0
Region 12: SOCCSKSARGEN,2019,96.01,98.09,94.07,82.51,86.88,78.06,73.02,77.2,67.52,,,,,,,,,,338.0
CARAGA: Cordillera Administrative Region,2019,95.0,96.38,93.72,83.69,86.66,80.81,73.02,75.25,70.88,,,,,,,,,,1034.0
BARMM: Bangsamoro Autonomous Region in Muslim Mindanao,2019,74.98,77.16,72.61,86.59,88.24,84.59,66.24,67.8,64.34,,,,,,,,,,100.0
PHILIPPINES,2020,82.51,84.68182829701155,80.50053798362178,82.11168396598917,85.91605162260514,78.41229599606429,69.31776164979968,74.60927396448665,64.17112327161246,,,,,,,,,,4023.0
NCR: National Capital Region,2020,69.36,71.64279840302743,67.2565337480673,73.64527371864305,77.58622638233132,69.86508362426143,56.25539729251835,61.92332017202875,50.88189134422335,,,,,,,,,,782.0
CAR: Cordillera Administrative Region,2020,94.56,95.5239772648218,93.65486415720753,87.86047461554662,91.15916145467932,84.67936197139771,81.1514538910687,85.66875380275458,76.67328830956397,,,,,,,,,,92.0
Region 1: Ilocos Region,2020,97.32,97.89334556804243,96.79322389976971,91.96226052393231,94.39209677157342,89.67004933156329,84.45021844490022,88.05399920059904,81.02765715733106,,,,,,,,,,375.0
Region 2: Cagayan Valley,2020,98.56,99.1308410037858,97.8846240366255,95.80683587831814,98.25947813136384,93.3944992621836,90.35610770565052,94.49041923226925,86.23693235745421,,,,,,,,,,215.0
Region 3: Central Luzon,2020,86.62,86.85542547734023,82.56038229465358,84.01234849712648,87.88574132298861,80.3256454484575,72.07268501608172,77.75662475067074,66.70525168520189,,,,,,,,,,277.0
Region 4A: CALABARZON,2020,78.03,80.60771823485791,75.66110316522705,81.49789878312576,85.64039854168522,77.56288941396346,64.19993874135481,69.86953780806894,58.85425133112447,,,,,,,,,,177.0
MIMAROPA: Southwestern Tagalog Region,2020,90.55,92.31964000705447,88.89211512366482,84.39369684032266,88.75949658193373,80.1954784632434,72.90367006636758,78.93000650071251,67.10545907476546,,,,,,,,,,162.0
Region 5: Bicol Region,2020,77.47,80.21423338506219,74.95884311800924,67.84886625240013,74.01014068729856,62.089740204535936,51.05055270405532,57.42852294447712,45.09884586598221,,,,,,,,,,292.0
Region 6: Western Visayas,2020,93.46,95.1076520218155,91.94108132591964,93.50669345700295,95.18753729499988,91.87510372420032,85.19694765122162,89.31104212684092,81.08519477110403,,,,,,,,,,111.0
Region 7: Central Visayas,2020,82.69,85.07644296409859,80.50276173646168,79.18644440770781,83.41156832170549,75.08313153465029,67.31807950980419,72.99751912699881,61.82018400766536,,,,,,,,,,267.0
Region 8: Eastern Visayas,2020,95.23336964130102,96.7255849525635,93.84357719530054,89.4398617982444,93.42314037081384,85.55364945278997,82.50550388063633,87.93789767316056,77.17285985547201,,,,,,,,,,227.0
Region 9: Zamboanga Peninsula,2020,84.45786746776032,87.32174864075151,81.75706369841477,87.12404365636907,90.09627214735904,84.09045325838602,77.00337843536857,80.71941127023224,73.14884431473332,,,,,,,,,,148.0
Region 10: Northern Mindanao,2020,82.90732492745173,85.7430952305051,80.29802307615266,83.11686557286312,86.76833981035054,79.50828504322833,74.57098728626106,80.39951269150303,68.67070168947407,,,,,,,,,,224.0
Region 11: Davao Region,2020,73.48702482127726,76.82570613861992,70.40156119560103,74.90926268733105,79.38337241701367,70.47724556263285,58.74642177444313,63.8902451027064,53.643282789618006,,,,,,,,,,332.0
Region 12: SOCCSKSARGEN,2020,87.07055042287614,88.84056946059462,85.40543716751372,82.58061375099453,86.15267309930043,78.94306954695828,73.87811305362611,79.12070672428139,68.58686166470011,,,,,,,,,,144.0
CARAGA: Cordillera Administrative Region,2020,93.41611935808768,94.41165400736128,92.48034706760336,90.06976318070897,92.7164629588721,87.4862578166416,82.41924267798913,86.81056500487718,78.11609061257805,,,,,,,,,,64.0
BARMM: Bangsamoro Autonomous Region in Muslim Mindanao,2020,63.98043974848213,66.80720348687325,61.11566141451609,72.76109863685919,77.45461912667983,67.36644782733177,56.88636333310178,61.19456326945275,51.916326569164006,,,,,,,,,,134.0
PHILIPPINES,2021,,,,,,,,,,,,,,,,,,,7746.0
NCR: National Capital Region,2021,,,,,,,,,,,,,,,,,,,1985.0
CAR: Cordillera Administrative Region,2021,,,,,,,,,,,,,,,,,,,199.0
Region 1: Ilocos Region,2021,,,,,,,,,,,,,,,,,,,327.0
Region 2: Cagayan Valley,2021,,,,,,,,,,,,,,,,,,,240.0
Region 3: Central Luzon,2021,,,,,,,,,,,,,,,,,,,471.0
Region 4A: CALABARZON,2021,,,,,,,,,,,,,,,,,,,647.0
MIMAROPA: Southwestern Tagalog Region,2021,,,,,,,,,,,,,,,,,,,255.0
Region 5: Bicol Region,2021,,,,,,,,,,,,,,,,,,,339.0
Region 6: Western Visayas,2021,,,,,,,,,,,,,,,,,,,426.0
Region 7: Central Visayas,2021,,,,,,,,,,,,,,,,,,,532.0
Region 8: Eastern Visayas,2021,,,,,,,,,,,,,,,,,,,416.0
Region 9: Zamboanga Peninsula,2021,,,,,,,,,,,,,,,,,,,446.0
Region 10: Northern Mindanao,2021,,,,,,,,,,,,,,,,,,,378.0
Region 11: Davao Region,2021,,,,,,,,,,,,,,,,,,,543.0
Region 12: SOCCSKSARGEN,2021,,,,,,,,,,,,,,,,,,,153.0
CARAGA: Cordillera Administrative Region,2021,,,,,,,,,,,,,,,,,,,149.0
BARMM: Bangsamoro Autonomous Region in Muslim Mindanao,2021,,,,,,,,,,,,,,,,,,,240.0
