Geolocation,Year,3.4.1 Mortality rate credited to NCD,3.4.1 Mortality rate credited to Cardio,3.4.1 Mortality rate credited to Cancer,3.4.1 Mortality rate credited to Diabetes,3.4.1 Mortality rate credited to Respi,3.7.1 Proportion of Contraceptive Use of Women,3.7.2 Teenage pregnancy rates per 1000
PHILIPPINES,2003,,,,,,46.7,53.0
NCR: National Capital Region,2003,,,,,,47.2,35.0
CAR: Cordillera Administrative Region,2003,,,,,,44.4,52.0
Region 1: Ilocos Region,2003,,,,,,49.6,55.0
Region 2: Cagayan Valley,2003,,,,,,68.8,85.0
Region 3: Central Luzon,2003,,,,,,54.2,42.0
Region 4A: CALABARZON,2003,,,,,,46.1,44.0
MIMAROPA: Southwestern Tagalog Region,2003,,,,,,48.5,108.0
Region 5: Bicol Region,2003,,,,,,30.6,60.0
Region 6: Western Visayas,2003,,,,,,42.3,57.0
Region 7: Central Visayas,2003,,,,,,47.1,45.0
Region 8: Eastern Visayas,2003,,,,,,35.8,48.0
Region 9: Zamboanga Peninsula,2003,,,,,,46.9,82.0
Region 10: Northern Mindanao,2003,,,,,,45.9,56.0
Region 11: Davao Region,2003,,,,,,53.6,42.0
Region 12: SOCCSKSARGEN,2003,,,,,,51.6,90.0
CARAGA: Cordillera Administrative Region,2003,,,,,,43.7,85.0
BARMM: Bangsamoro Autonomous Region in Muslim Mindanao,2003,,,,,,23.1,51.0
PHILIPPINES,2006,4.2,2.4,1.0,0.4,0.3,,
NCR: National Capital Region,2006,5.1,3.1,1.2,0.5,0.3,,
CAR: Cordillera Administrative Region,2006,3.3,1.9,1.0,0.3,0.2,,
Region 1: Ilocos Region,2006,4.9,2.8,1.2,0.4,0.5,,
Region 2: Cagayan Valley,2006,4.0,2.4,0.9,0.2,0.5,,
Region 3: Central Luzon,2006,4.8,2.6,1.2,0.5,0.5,,
Region 4A: CALABARZON,2006,4.7,2.7,1.0,0.6,0.4,,
MIMAROPA: Southwestern Tagalog Region,2006,3.5,1.9,0.8,0.3,0.4,,
Region 5: Bicol Region,2006,,3.0,0.7,0.4,0.4,,
Region 6: Western Visayas,2006,,2.3,1.1,0.4,0.4,,
Region 7: Central Visayas,2006,4.3,2.4,1.2,0.5,0.3,,
Region 8: Eastern Visayas,2006,3.5,2.1,0.7,0.4,0.3,,
Region 9: Zamboanga Peninsula,2006,3.0,1.8,0.7,0.3,0.2,,
Region 10: Northern Mindanao,2006,3.5,1.9,0.9,0.4,0.2,,
Region 11: Davao Region,2006,3.6,2.1,0.9,0.4,0.2,,
Region 12: SOCCSKSARGEN,2006,3.0,1.7,0.7,0.3,0.3,,
CARAGA: Cordillera Administrative Region,2006,3.4,2.1,0.7,0.4,0.3,,
BARMM: Bangsamoro Autonomous Region in Muslim Mindanao,2006,0.6,0.4,0.1,0.1,0.0,,
PHILIPPINES,2007,4.2,2.5,1.0,0.4,0.3,,
NCR: National Capital Region,2007,5.2,3.2,1.2,0.5,0.3,,
CAR: Cordillera Administrative Region,2007,3.1,1.8,0.9,0.3,0.2,,
Region 1: Ilocos Region,2007,4.8,2.7,1.2,0.4,0.5,,
Region 2: Cagayan Valley,2007,3.9,2.3,0.9,0.2,0.5,,
Region 3: Central Luzon,2007,5.0,2.9,1.1,0.5,0.4,,
Region 4A: CALABARZON,2007,4.7,2.8,1.0,0.5,0.4,,
MIMAROPA: Southwestern Tagalog Region,2007,3.5,2.0,0.8,0.3,0.4,,
Region 5: Bicol Region,2007,,3.1,0.7,0.4,0.4,,
Region 6: Western Visayas,2007,,2.3,1.1,0.4,0.4,,
Region 7: Central Visayas,2007,4.2,2.3,1.2,0.5,0.3,,
Region 8: Eastern Visayas,2007,3.5,2.2,0.7,0.3,0.3,,
Region 9: Zamboanga Peninsula,2007,3.0,1.8,0.7,0.3,0.2,,
Region 10: Northern Mindanao,2007,3.4,1.9,0.9,0.4,0.2,,
Region 11: Davao Region,2007,3.8,2.3,0.9,0.5,0.2,,
Region 12: SOCCSKSARGEN,2007,3.1,1.7,0.7,0.4,0.2,,
CARAGA: Cordillera Administrative Region,2007,3.4,2.0,0.8,0.4,0.3,,
BARMM: Bangsamoro Autonomous Region in Muslim Mindanao,2007,0.6,0.4,0.1,0.1,0.0,,
PHILIPPINES,2008,4.3,2.5,1.0,0.5,0.3,46.8,54.0
NCR: National Capital Region,2008,5.2,3.2,1.2,0.5,0.3,43.2,25.0
CAR: Cordillera Administrative Region,2008,3.3,1.9,0.9,0.3,0.2,55.0,34.0
Region 1: Ilocos Region,2008,5.0,2.8,1.2,0.5,0.5,49.7,52.0
Region 2: Cagayan Valley,2008,4.0,2.4,0.9,0.2,0.5,62.6,54.0
Region 3: Central Luzon,2008,5.0,2.9,1.2,0.6,0.4,54.0,69.0
Region 4A: CALABARZON,2008,4.6,2.7,1.0,0.5,0.3,46.1,63.0
MIMAROPA: Southwestern Tagalog Region,2008,3.5,2.0,0.8,0.3,0.4,48.5,87.0
Region 5: Bicol Region,2008,,3.0,0.8,0.4,0.3,33.8,63.0
Region 6: Western Visayas,2008,,2.4,1.1,0.4,0.5,44.4,41.0
Region 7: Central Visayas,2008,4.4,2.4,1.2,0.5,0.3,46.0,58.0
Region 8: Eastern Visayas,2008,3.5,2.1,0.7,0.4,0.3,37.5,60.0
Region 9: Zamboanga Peninsula,2008,3.2,2.0,0.7,0.3,0.2,40.3,62.0
Region 10: Northern Mindanao,2008,3.6,2.0,0.9,0.4,0.2,54.2,43.0
Region 11: Davao Region,2008,4.0,2.4,0.9,0.5,0.2,59.5,68.0
Region 12: SOCCSKSARGEN,2008,3.2,1.9,0.7,0.4,0.2,53.8,64.0
CARAGA: Cordillera Administrative Region,2008,3.5,2.1,0.7,0.5,0.3,47.6,83.0
BARMM: Bangsamoro Autonomous Region in Muslim Mindanao,2008,0.5,0.4,0.1,0.0,0.0,21.2,71.0
PHILIPPINES,2009,4.4,2.6,1.0,0.4,0.3,,
NCR: National Capital Region,2009,5.2,3.2,1.2,0.5,0.3,,
CAR: Cordillera Administrative Region,2009,3.3,2.0,0.9,0.3,0.2,,
Region 1: Ilocos Region,2009,5.0,2.9,1.2,0.5,0.5,,
Region 2: Cagayan Valley,2009,4.1,2.4,1.0,0.2,0.5,,
Region 3: Central Luzon,2009,5.2,3.1,1.2,0.6,0.4,,
Region 4A: CALABARZON,2009,4.8,2.9,1.0,0.5,0.3,,
MIMAROPA: Southwestern Tagalog Region,2009,3.6,2.2,0.8,0.3,0.4,,
Region 5: Bicol Region,2009,,3.2,0.8,0.4,0.4,,
Region 6: Western Visayas,2009,,2.5,1.1,0.4,0.4,,
Region 7: Central Visayas,2009,4.5,2.6,1.2,0.4,0.3,,
Region 8: Eastern Visayas,2009,3.6,2.2,0.7,0.4,0.3,,
Region 9: Zamboanga Peninsula,2009,3.4,2.1,0.7,0.3,0.2,,
Region 10: Northern Mindanao,2009,3.8,2.3,0.9,0.4,0.3,,
Region 11: Davao Region,2009,4.2,2.5,1.0,0.5,0.2,,
Region 12: SOCCSKSARGEN,2009,3.3,1.9,0.7,0.4,0.2,,
CARAGA: Cordillera Administrative Region,2009,3.7,2.2,0.8,0.4,0.3,,
BARMM: Bangsamoro Autonomous Region in Muslim Mindanao,2009,0.3,0.2,0.0,0.0,0.0,,
PHILIPPINES,2010,4.4,2.7,1.0,0.4,0.3,,
NCR: National Capital Region,2010,5.2,3.3,1.1,0.5,0.3,,
CAR: Cordillera Administrative Region,2010,3.2,1.9,0.9,0.2,0.2,,
Region 1: Ilocos Region,2010,5.1,2.9,1.2,0.5,0.5,,
Region 2: Cagayan Valley,2010,4.3,2.7,1.0,0.2,0.4,,
Region 3: Central Luzon,2010,5.2,3.1,1.2,0.5,0.4,,
Region 4A: CALABARZON,2010,4.8,3.0,1.0,0.5,0.3,,
MIMAROPA: Southwestern Tagalog Region,2010,3.6,2.1,0.8,0.3,0.4,,
Region 5: Bicol Region,2010,,3.3,0.8,0.4,0.4,,
Region 6: Western Visayas,2010,,2.5,1.1,0.4,0.4,,
Region 7: Central Visayas,2010,4.6,2.7,1.2,0.4,0.3,,
Region 8: Eastern Visayas,2010,3.5,2.1,0.7,0.4,0.3,,
Region 9: Zamboanga Peninsula,2010,3.4,2.1,0.8,0.3,0.2,,
Region 10: Northern Mindanao,2010,3.8,2.3,0.9,0.4,0.3,,
Region 11: Davao Region,2010,4.4,2.6,1.0,0.5,0.2,,
Region 12: SOCCSKSARGEN,2010,3.1,1.9,0.7,0.3,0.2,,
CARAGA: Cordillera Administrative Region,2010,3.7,2.2,0.8,0.4,0.2,,
BARMM: Bangsamoro Autonomous Region in Muslim Mindanao,2010,0.2,0.1,0.0,0.0,0.0,,
PHILIPPINES,2011,4.4,2.7,1.0,0.4,0.3,,
NCR: National Capital Region,2011,5.2,3.3,1.2,0.4,0.3,,
CAR: Cordillera Administrative Region,2011,3.4,2.0,1.0,0.2,0.2,,
Region 1: Ilocos Region,2011,5.1,3.0,1.2,0.4,0.4,,
Region 2: Cagayan Valley,2011,4.2,2.6,1.0,0.2,0.4,,
Region 3: Central Luzon,2011,5.2,3.2,1.1,0.5,0.4,,
Region 4A: CALABARZON,2011,4.8,3.0,1.1,0.5,0.3,,
MIMAROPA: Southwestern Tagalog Region,2011,3.7,2.2,0.8,0.3,0.4,,
Region 5: Bicol Region,2011,,3.3,0.9,0.4,0.4,,
Region 6: Western Visayas,2011,,2.5,1.1,0.4,0.4,,
Region 7: Central Visayas,2011,4.6,2.7,1.2,0.4,0.3,,
Region 8: Eastern Visayas,2011,3.6,2.2,0.7,0.4,0.3,,
Region 9: Zamboanga Peninsula,2011,3.8,2.3,0.9,0.4,0.2,,
Region 10: Northern Mindanao,2011,3.7,2.2,0.8,0.4,0.3,,
Region 11: Davao Region,2011,4.4,2.6,1.0,0.5,0.2,,
Region 12: SOCCSKSARGEN,2011,3.3,2.0,0.7,0.4,0.2,,
CARAGA: Cordillera Administrative Region,2011,3.8,2.3,0.8,0.4,0.3,,
BARMM: Bangsamoro Autonomous Region in Muslim Mindanao,2011,0.3,0.2,0.1,0.0,0.0,,
PHILIPPINES,2012,4.4,2.7,1.0,0.4,0.3,,
NCR: National Capital Region,2012,5.2,3.2,1.2,0.5,0.3,,
CAR: Cordillera Administrative Region,2012,3.5,2.1,1.0,0.2,0.2,,
Region 1: Ilocos Region,2012,5.1,3.4,1.0,0.4,0.4,,
Region 2: Cagayan Valley,2012,4.2,2.6,1.0,0.2,0.4,,
Region 3: Central Luzon,2012,5.2,3.2,1.2,0.5,0.4,,
Region 4A: CALABARZON,2012,4.7,2.9,1.0,0.5,0.3,,
MIMAROPA: Southwestern Tagalog Region,2012,3.7,2.2,0.8,0.4,0.3,,
Region 5: Bicol Region,2012,,3.3,0.9,0.4,0.3,,
Region 6: Western Visayas,2012,,2.5,1.1,0.4,0.4,,
Region 7: Central Visayas,2012,4.4,2.6,1.1,0.4,0.3,,
Region 8: Eastern Visayas,2012,3.6,2.3,0.7,0.4,0.3,,
Region 9: Zamboanga Peninsula,2012,3.3,2.1,0.7,0.3,0.2,,
Region 10: Northern Mindanao,2012,3.9,2.4,0.9,0.4,0.3,,
Region 11: Davao Region,2012,4.2,2.5,0.9,0.5,0.2,,
Region 12: SOCCSKSARGEN,2012,3.6,2.1,0.7,0.4,0.3,,
CARAGA: Cordillera Administrative Region,2012,3.7,2.2,0.8,0.5,0.2,,
BARMM: Bangsamoro Autonomous Region in Muslim Mindanao,2012,0.5,0.4,0.1,0.1,0.0,,
PHILIPPINES,2013,4.5,2.7,1.0,0.5,0.3,51.8,57.0
NCR: National Capital Region,2013,5.2,3.3,1.2,0.5,0.2,53.4,48.0
CAR: Cordillera Administrative Region,2013,3.4,2.0,1.0,0.3,0.2,59.8,53.0
Region 1: Ilocos Region,2013,5.0,2.9,1.2,0.5,0.4,50.8,78.0
Region 2: Cagayan Valley,2013,4.4,2.7,1.0,0.3,0.4,69.1,65.0
Region 3: Central Luzon,2013,5.2,3.1,1.2,0.6,0.4,60.4,63.0
Region 4A: CALABARZON,2013,4.9,3.1,1.0,0.6,0.3,49.1,58.0
MIMAROPA: Southwestern Tagalog Region,2013,3.8,2.3,0.8,0.4,0.3,55.1,68.0
Region 5: Bicol Region,2013,,3.2,0.9,0.5,0.3,29.3,59.0
Region 6: Western Visayas,2013,,2.5,1.1,0.4,0.4,45.5,58.0
Region 7: Central Visayas,2013,4.7,2.7,1.2,0.5,0.3,46.0,49.0
Region 8: Eastern Visayas,2013,3.7,2.2,0.7,0.5,0.3,50.2,50.0
Region 9: Zamboanga Peninsula,2013,3.7,2.2,0.8,0.4,0.2,53.0,43.0
Region 10: Northern Mindanao,2013,4.1,2.4,0.9,0.5,0.3,53.0,62.0
Region 11: Davao Region,2013,4.5,2.8,0.9,0.5,0.3,55.1,54.0
Region 12: SOCCSKSARGEN,2013,3.9,2.4,0.8,0.5,0.3,60.5,58.0
CARAGA: Cordillera Administrative Region,2013,3.8,2.3,0.8,0.5,0.2,57.5,87.0
BARMM: Bangsamoro Autonomous Region in Muslim Mindanao,2013,0.5,0.3,0.1,0.0,0.0,29.7,56.0
PHILIPPINES,2014,4.6,2.8,1.0,0.6,0.3,,
NCR: National Capital Region,2014,5.3,3.4,1.2,0.5,0.3,,
CAR: Cordillera Administrative Region,2014,3.5,2.0,1.0,0.3,0.2,,
Region 1: Ilocos Region,2014,5.1,2.8,1.2,0.6,0.4,,
Region 2: Cagayan Valley,2014,4.4,2.7,1.1,0.3,0.4,,
Region 3: Central Luzon,2014,5.4,3.2,1.2,0.7,0.4,,
Region 4A: CALABARZON,2014,5.1,3.1,1.1,0.7,0.3,,
MIMAROPA: Southwestern Tagalog Region,2014,3.9,2.2,0.9,0.4,0.3,,
Region 5: Bicol Region,2014,,3.4,0.9,0.6,0.4,,
Region 6: Western Visayas,2014,,2.5,1.1,0.5,0.4,,
Region 7: Central Visayas,2014,4.8,2.7,1.2,0.6,0.3,,
Region 8: Eastern Visayas,2014,3.8,2.3,0.7,0.5,0.3,,
Region 9: Zamboanga Peninsula,2014,3.7,2.2,0.8,0.4,0.2,,
Region 10: Northern Mindanao,2014,4.0,2.2,1.0,0.6,0.2,,
Region 11: Davao Region,2014,4.6,2.7,1.0,0.6,0.2,,
Region 12: SOCCSKSARGEN,2014,3.8,2.2,0.8,0.5,0.3,,
CARAGA: Cordillera Administrative Region,2014,4.0,2.3,0.8,0.6,0.2,,
BARMM: Bangsamoro Autonomous Region in Muslim Mindanao,2014,0.6,0.3,0.1,0.1,0.0,,
PHILIPPINES,2015,4.7,2.8,1.0,0.6,0.3,,
NCR: National Capital Region,2015,5.5,3.4,1.2,0.6,0.3,,
CAR: Cordillera Administrative Region,2015,3.7,2.1,1.1,0.4,0.2,,
Region 1: Ilocos Region,2015,5.1,2.9,1.2,0.6,0.4,,
Region 2: Cagayan Valley,2015,4.5,2.7,1.1,0.4,0.4,,
Region 3: Central Luzon,2015,5.4,3.2,1.2,0.7,0.4,,
Region 4A: CALABARZON,2015,5.0,3.0,1.1,0.7,0.3,,
MIMAROPA: Southwestern Tagalog Region,2015,3.9,2.3,0.8,0.4,0.3,,
Region 5: Bicol Region,2015,,3.4,0.9,0.6,0.3,,
Region 6: Western Visayas,2015,,2.5,1.1,0.6,0.3,,
Region 7: Central Visayas,2015,5.0,2.9,1.2,0.7,0.2,,
Region 8: Eastern Visayas,2015,3.8,2.3,0.8,0.5,0.3,,
Region 9: Zamboanga Peninsula,2015,3.9,2.4,0.9,0.5,0.2,,
Region 10: Northern Mindanao,2015,4.3,2.5,1.0,0.6,0.2,,
Region 11: Davao Region,2015,4.7,2.7,1.1,0.7,0.2,,
Region 12: SOCCSKSARGEN,2015,3.9,2.3,0.8,0.5,0.3,,
CARAGA: Cordillera Administrative Region,2015,4.2,2.4,1.0,0.6,0.2,,
BARMM: Bangsamoro Autonomous Region in Muslim Mindanao,2015,0.8,0.6,0.2,0.1,0.0,,
PHILIPPINES,2016,4.6,2.7,1.1,0.6,0.3,,
NCR: National Capital Region,2016,5.2,3.2,1.2,0.6,0.2,,
CAR: Cordillera Administrative Region,2016,3.6,2.0,1.1,0.3,0.2,,
Region 1: Ilocos Region,2016,5.0,2.8,1.2,0.6,0.4,,
Region 2: Cagayan Valley,2016,4.4,2.6,1.1,0.4,0.4,,
Region 3: Central Luzon,2016,5.3,3.1,1.2,0.7,0.3,,
Region 4A: CALABARZON,2016,4.9,3.0,1.1,0.6,0.3,,
MIMAROPA: Southwestern Tagalog Region,2016,4.2,2.4,0.9,0.5,0.3,,
Region 5: Bicol Region,2016,,3.4,0.9,0.6,0.3,,
Region 6: Western Visayas,2016,,2.4,1.1,0.5,0.4,,
Region 7: Central Visayas,2016,4.9,2.8,1.3,0.6,0.2,,
Region 8: Eastern Visayas,2016,3.7,2.1,0.8,0.5,0.3,,
Region 9: Zamboanga Peninsula,2016,4.0,2.3,0.9,0.5,0.2,,
Region 10: Northern Mindanao,2016,4.5,2.7,1.0,0.6,0.2,,
Region 11: Davao Region,2016,4.7,2.8,1.1,0.7,0.3,,
Region 12: SOCCSKSARGEN,2016,4.0,2.4,0.8,0.5,0.3,,
CARAGA: Cordillera Administrative Region,2016,4.1,2.3,0.9,0.6,0.2,,
BARMM: Bangsamoro Autonomous Region in Muslim Mindanao,2016,0.8,0.6,0.2,0.1,0.0,,
PHILIPPINES,2017,4.5,2.7,1.0,0.5,0.3,56.9,47.0
NCR: National Capital Region,2017,4.9,3.1,1.1,0.5,0.2,59.5,27.0
CAR: Cordillera Administrative Region,2017,3.6,2.1,1.1,0.3,0.2,66.7,25.0
Region 1: Ilocos Region,2017,4.9,2.8,1.2,0.5,0.3,59.5,46.0
Region 2: Cagayan Valley,2017,4.3,2.6,1.1,0.3,0.4,74.1,51.0
Region 3: Central Luzon,2017,5.2,3.1,1.2,0.6,0.3,56.8,61.0
Region 4A: CALABARZON,2017,4.9,3.0,1.1,0.6,0.3,49.2,37.0
MIMAROPA: Southwestern Tagalog Region,2017,3.9,2.3,0.9,0.4,0.3,61.7,47.0
Region 5: Bicol Region,2017,,3.5,0.9,0.5,0.3,44.4,36.0
Region 6: Western Visayas,2017,,2.3,1.2,0.4,0.4,56.8,38.0
Region 7: Central Visayas,2017,4.7,2.7,1.2,0.5,0.2,51.2,47.0
Region 8: Eastern Visayas,2017,3.7,2.1,0.9,0.5,0.3,54.6,50.0
Region 9: Zamboanga Peninsula,2017,3.9,2.2,0.9,0.4,0.2,56.8,54.0
Region 10: Northern Mindanao,2017,4.3,2.5,1.0,0.5,0.2,63.0,81.0
Region 11: Davao Region,2017,4.7,2.8,1.0,0.6,0.3,64.7,87.0
Region 12: SOCCSKSARGEN,2017,3.9,2.3,0.8,0.5,0.3,66.6,91.0
CARAGA: Cordillera Administrative Region,2017,4.0,2.2,0.9,0.6,0.2,64.5,61.0
BARMM: Bangsamoro Autonomous Region in Muslim Mindanao,2017,0.8,0.6,0.1,0.1,0.0,42.5,47.0
PHILIPPINES,2018,4.5,2.7,1.0,0.5,0.3,,
NCR: National Capital Region,2018,4.9,3.1,1.1,0.5,0.2,,
CAR: Cordillera Administrative Region,2018,3.8,2.2,1.2,0.3,0.2,,
Region 1: Ilocos Region,2018,4.9,2.8,1.2,0.5,0.3,,
Region 2: Cagayan Valley,2018,4.5,2.7,1.1,0.3,0.4,,
Region 3: Central Luzon,2018,5.2,3.1,1.2,0.6,0.3,,
Region 4A: CALABARZON,2018,4.9,3.0,1.0,0.6,0.2,,
MIMAROPA: Southwestern Tagalog Region,2018,4.1,2.4,1.0,0.5,0.3,,
Region 5: Bicol Region,2018,,3.3,0.9,0.5,0.3,,
Region 6: Western Visayas,2018,,2.5,1.1,0.5,0.3,,
Region 7: Central Visayas,2018,4.7,2.7,1.2,0.5,0.2,,
Region 8: Eastern Visayas,2018,3.8,2.2,0.9,0.5,0.3,,
Region 9: Zamboanga Peninsula,2018,4.2,2.6,1.0,0.5,0.2,,
Region 10: Northern Mindanao,2018,4.4,2.6,1.0,0.6,0.3,,
Region 11: Davao Region,2018,4.6,2.8,1.1,0.6,0.2,,
Region 12: SOCCSKSARGEN,2018,3.8,2.3,0.8,0.5,0.3,,
CARAGA: Cordillera Administrative Region,2018,4.0,2.3,1.0,0.6,0.2,,
BARMM: Bangsamoro Autonomous Region in Muslim Mindanao,2018,0.9,0.6,0.1,0.1,0.0,,
PHILIPPINES,2019,4.7,2.8,1.0,0.5,0.3,,
NCR: National Capital Region,2019,5.0,3.1,1.1,0.5,0.2,,
CAR: Cordillera Administrative Region,2019,4.1,2.5,1.1,0.3,0.2,,
Region 1: Ilocos Region,2019,4.9,2.8,1.2,0.5,0.3,,
Region 2: Cagayan Valley,2019,4.7,2.8,1.2,0.4,0.4,,
Region 3: Central Luzon,2019,5.3,3.2,1.1,0.6,0.3,,
Region 4A: CALABARZON,2019,5.1,3.1,1.1,0.6,0.3,,
MIMAROPA: Southwestern Tagalog Region,2019,4.3,2.5,1.0,0.5,0.3,,
Region 5: Bicol Region,2019,,3.5,0.9,0.5,0.3,,
Region 6: Western Visayas,2019,,2.5,1.1,0.5,0.4,,
Region 7: Central Visayas,2019,4.8,2.8,1.2,0.6,0.2,,
Region 8: Eastern Visayas,2019,3.9,2.2,0.9,0.5,0.3,,
Region 9: Zamboanga Peninsula,2019,4.5,2.7,1.0,0.5,0.3,,
Region 10: Northern Mindanao,2019,4.4,2.7,1.0,0.5,0.3,,
Region 11: Davao Region,2019,4.8,2.8,1.0,0.6,0.3,,
Region 12: SOCCSKSARGEN,2019,3.9,2.3,0.8,0.5,0.3,,
CARAGA: Cordillera Administrative Region,2019,3.4,2.5,1.0,0.7,0.2,,
BARMM: Bangsamoro Autonomous Region in Muslim Mindanao,2019,1.0,0.5,0.1,0.1,0.1,,
PHILIPPINES,2020,4.6,2.8,1.0,0.6,0.2,,
NCR: National Capital Region,2020,4.8,3.1,1.0,0.6,0.1,,
CAR: Cordillera Administrative Region,2020,3.8,2.1,1.2,0.3,0.2,,
Region 1: Ilocos Region,2020,4.9,2.9,1.2,0.6,0.3,,
Region 2: Cagayan Valley,2020,4.3,2.5,1.1,0.4,0.3,,
Region 3: Central Luzon,2020,5.2,3.1,1.1,0.7,0.2,,
Region 4A: CALABARZON,2020,5.1,3.2,1.0,0.8,0.2,,
MIMAROPA: Southwestern Tagalog Region,2020,4.2,2.5,0.9,0.6,0.2,,
Region 5: Bicol Region,2020,,3.4,0.8,0.6,0.3,,
Region 6: Western Visayas,2020,,2.6,1.1,0.6,0.3,,
Region 7: Central Visayas,2020,4.9,2.8,1.2,0.7,0.2,,
Region 8: Eastern Visayas,2020,4.0,2.4,0.8,0.6,0.2,,
Region 9: Zamboanga Peninsula,2020,4.5,2.8,1.0,0.5,0.2,,
Region 10: Northern Mindanao,2020,4.4,2.7,1.0,0.6,0.2,,
Region 11: Davao Region,2020,4.8,2.9,1.0,0.7,0.2,,
Region 12: SOCCSKSARGEN,2020,4.1,2.5,0.8,0.6,0.2,,
CARAGA: Cordillera Administrative Region,2020,4.5,2.4,1.0,0.9,0.2,,
BARMM: Bangsamoro Autonomous Region in Muslim Mindanao,2020,1.2,0.9,0.2,0.1,0.1,,
