Geolocation,Year,8.1.1 Growth rate of real GDP per capita
PHILIPPINES,2001,1.0079144176033026
NCR: National Capital Region,2001,0.8411278169115946
CAR: Cordillera Administrative Region,2001,1.9008376014278523
Region 1: Ilocos Region,2001,0.8115887464970655
Region 2: Cagayan Valley,2001,2.1479534913057847
Region 3: Central Luzon,2001,3.6001917056948542
Region 4A: CALABARZON,2001,-1.68399788512221
MIMAROPA: Southwestern Tagalog Region,2001,1.6640222746159736
Region 5: Bicol Region,2001,1.5879193697141003
Region 6: Western Visayas,2001,0.8821413146258266
Region 7: Central Visayas,2001,2.4306002644343323
Region 8: Eastern Visayas,2001,1.2407994528353044
Region 9: Zamboanga Peninsula,2001,-0.2771733087915464
Region 10: Northern Mindanao,2001,4.426710979482039
Region 11: Davao Region,2001,0.4045186861624756
Region 12: SOCCSKSARGEN,2001,-1.5454018863797216
CARAGA: Cordillera Administrative Region,2001,3.153920360133398
BARMM: Bangsamoro Autonomous Region in Muslim Mindanao,2001,-4.940170715737835
PHILIPPINES,2002,1.691457854710876
NCR: National Capital Region,2002,-0.916195185914262
CAR: Cordillera Administrative Region,2002,2.6040397858516684
Region 1: Ilocos Region,2002,1.7048835749692302
Region 2: Cagayan Valley,2002,0.0892515310368935
Region 3: Central Luzon,2002,3.3510124842543405
Region 4A: CALABARZON,2002,1.5242211267325132
MIMAROPA: Southwestern Tagalog Region,2002,12.48029067157539
Region 5: Bicol Region,2002,2.378082082721761
Region 6: Western Visayas,2002,1.2637774514564484
Region 7: Central Visayas,2002,0.0917591521850624
Region 8: Eastern Visayas,2002,1.703501265441318
Region 9: Zamboanga Peninsula,2002,0.6556381100849791
Region 10: Northern Mindanao,2002,7.661506825756675
Region 11: Davao Region,2002,3.313226345051305
Region 12: SOCCSKSARGEN,2002,7.457846651260553
CARAGA: Cordillera Administrative Region,2002,4.190756101803103
BARMM: Bangsamoro Autonomous Region in Muslim Mindanao,2002,10.950593387532765
PHILIPPINES,2003,3.06452599927394
NCR: National Capital Region,2003,2.756815147792864
CAR: Cordillera Administrative Region,2003,3.2685344903706124
Region 1: Ilocos Region,2003,3.183009525362081
Region 2: Cagayan Valley,2003,1.1328124863788815
Region 3: Central Luzon,2003,2.107589457658591
Region 4A: CALABARZON,2003,1.9483372440010955
MIMAROPA: Southwestern Tagalog Region,2003,7.750967760265809
Region 5: Bicol Region,2003,3.9513424757537914
Region 6: Western Visayas,2003,4.390161714513113
Region 7: Central Visayas,2003,2.471710576614868
Region 8: Eastern Visayas,2003,4.392669343814831
Region 9: Zamboanga Peninsula,2003,2.2634177641671585
Region 10: Northern Mindanao,2003,4.320206558093375
Region 11: Davao Region,2003,4.934068243413975
Region 12: SOCCSKSARGEN,2003,3.9244741146200255
CARAGA: Cordillera Administrative Region,2003,3.1087996908246254
BARMM: Bangsamoro Autonomous Region in Muslim Mindanao,2003,3.3082727600076964
PHILIPPINES,2004,4.541527176741056
NCR: National Capital Region,2004,6.355850767629391
CAR: Cordillera Administrative Region,2004,3.4879768619455263
Region 1: Ilocos Region,2004,3.8896628892332927
Region 2: Cagayan Valley,2004,7.426633218736271
Region 3: Central Luzon,2004,0.9627470829942696
Region 4A: CALABARZON,2004,2.276289065259121
MIMAROPA: Southwestern Tagalog Region,2004,1.8306382829376984
Region 5: Bicol Region,2004,3.9375215665899503
Region 6: Western Visayas,2004,6.157605783316782
Region 7: Central Visayas,2004,4.914365278504434
Region 8: Eastern Visayas,2004,4.408115626213487
Region 9: Zamboanga Peninsula,2004,2.447019110001108
Region 10: Northern Mindanao,2004,6.038860137285965
Region 11: Davao Region,2004,4.306681280959239
Region 12: SOCCSKSARGEN,2004,3.350673255897348
CARAGA: Cordillera Administrative Region,2004,4.253532641672521
BARMM: Bangsamoro Autonomous Region in Muslim Mindanao,2004,6.299145532375277
PHILIPPINES,2005,2.9785515939991143
NCR: National Capital Region,2005,3.310895022436384
CAR: Cordillera Administrative Region,2005,0.0567396973274441
Region 1: Ilocos Region,2005,3.3625987915048228
Region 2: Cagayan Valley,2005,-3.2389556993871054
Region 3: Central Luzon,2005,1.7253195748094328
Region 4A: CALABARZON,2005,2.1384326101953945
MIMAROPA: Southwestern Tagalog Region,2005,7.306973440180343
Region 5: Bicol Region,2005,3.944177715157622
Region 6: Western Visayas,2005,3.638961485803847
Region 7: Central Visayas,2005,5.183705440373743
Region 8: Eastern Visayas,2005,4.480726282199839
Region 9: Zamboanga Peninsula,2005,5.467405200963853
Region 10: Northern Mindanao,2005,3.281551352598825
Region 11: Davao Region,2005,2.158022366361763
Region 12: SOCCSKSARGEN,2005,-0.2142530170448537
CARAGA: Cordillera Administrative Region,2005,2.932371991801702
BARMM: Bangsamoro Autonomous Region in Muslim Mindanao,2005,3.591165366535336
PHILIPPINES,2006,3.372089075537985
NCR: National Capital Region,2006,3.8099508528209194
CAR: Cordillera Administrative Region,2006,2.068304836073878
Region 1: Ilocos Region,2006,4.594092497093172
Region 2: Cagayan Valley,2006,8.370661785283744
Region 3: Central Luzon,2006,2.5389843449357983
Region 4A: CALABARZON,2006,1.4909276365125237
MIMAROPA: Southwestern Tagalog Region,2006,2.0909198730071097
Region 5: Bicol Region,2006,1.913256144528248
Region 6: Western Visayas,2006,4.102687650782812
Region 7: Central Visayas,2006,2.866216678475709
Region 8: Eastern Visayas,2006,5.382048407335603
Region 9: Zamboanga Peninsula,2006,1.9831574834632733
Region 10: Northern Mindanao,2006,4.663455769090149
Region 11: Davao Region,2006,2.6781661767286096
Region 12: SOCCSKSARGEN,2006,4.09643438012705
CARAGA: Cordillera Administrative Region,2006,5.023460617428583
BARMM: Bangsamoro Autonomous Region in Muslim Mindanao,2006,3.7592623536913976
PHILIPPINES,2007,4.57888445644312
NCR: National Capital Region,2007,4.989651882035574
CAR: Cordillera Administrative Region,2007,5.577004787071061
Region 1: Ilocos Region,2007,4.671400811903553
Region 2: Cagayan Valley,2007,5.103214067393765
Region 3: Central Luzon,2007,3.720296230980935
Region 4A: CALABARZON,2007,2.5738832555453115
MIMAROPA: Southwestern Tagalog Region,2007,7.619860406054471
Region 5: Bicol Region,2007,5.84879068102228
Region 6: Western Visayas,2007,5.338760742934085
Region 7: Central Visayas,2007,6.306427290969864
Region 8: Eastern Visayas,2007,1.821488552952772
Region 9: Zamboanga Peninsula,2007,5.81479850014675
Region 10: Northern Mindanao,2007,5.32962886093344
Region 11: Davao Region,2007,4.16899742651546
Region 12: SOCCSKSARGEN,2007,4.232484028420998
CARAGA: Cordillera Administrative Region,2007,4.936549105559891
BARMM: Bangsamoro Autonomous Region in Muslim Mindanao,2007,2.9570051641038475
PHILIPPINES,2008,2.463484297148355
NCR: National Capital Region,2008,2.771026072994303
CAR: Cordillera Administrative Region,2008,2.1033717636687044
Region 1: Ilocos Region,2008,1.7745232099705532
Region 2: Cagayan Valley,2008,1.083638592714408
Region 3: Central Luzon,2008,3.033029750938596
Region 4A: CALABARZON,2008,0.6843353527736156
MIMAROPA: Southwestern Tagalog Region,2008,3.2562046730027987
Region 5: Bicol Region,2008,3.660203715087548
Region 6: Western Visayas,2008,3.485104615816724
Region 7: Central Visayas,2008,3.373899714217089
Region 8: Eastern Visayas,2008,3.40742363268636
Region 9: Zamboanga Peninsula,2008,1.3578605101900223
Region 10: Northern Mindanao,2008,3.540598894554776
Region 11: Davao Region,2008,1.9675460150471904
Region 12: SOCCSKSARGEN,2008,2.7278503327793544
CARAGA: Cordillera Administrative Region,2008,1.3560643277680242
BARMM: Bangsamoro Autonomous Region in Muslim Mindanao,2008,-0.5839999628623218
PHILIPPINES,2009,-0.3520272859113333
NCR: National Capital Region,2009,-1.7184124438690844
CAR: Cordillera Administrative Region,2009,0.7371908800771365
Region 1: Ilocos Region,2009,-1.263560033872977
Region 2: Cagayan Valley,2009,0.8358897470857727
Region 3: Central Luzon,2009,-1.3478828681357695
Region 4A: CALABARZON,2009,-3.478451191321738
MIMAROPA: Southwestern Tagalog Region,2009,2.9029716037283606
Region 5: Bicol Region,2009,5.586480535080639
Region 6: Western Visayas,2009,4.312947819300987
Region 7: Central Visayas,2009,1.3138918709686038
Region 8: Eastern Visayas,2009,2.487710281903219
Region 9: Zamboanga Peninsula,2009,5.151711049080546
Region 10: Northern Mindanao,2009,1.4414203375929304
Region 11: Davao Region,2009,3.0199742670523197
Region 12: SOCCSKSARGEN,2009,-0.1145238156530297
CARAGA: Cordillera Administrative Region,2009,0.5746731855805507
BARMM: Bangsamoro Autonomous Region in Muslim Mindanao,2009,1.0382734235328712
PHILIPPINES,2010,5.453808141858346
NCR: National Capital Region,2010,4.58724612183083
CAR: Cordillera Administrative Region,2010,4.611006446855598
Region 1: Ilocos Region,2010,7.426453497815501
Region 2: Cagayan Valley,2010,2.72351075542818
Region 3: Central Luzon,2010,7.861806449711523
Region 4A: CALABARZON,2010,7.279562477489492
MIMAROPA: Southwestern Tagalog Region,2010,-0.7606446985672193
Region 5: Bicol Region,2010,4.505054041060944
Region 6: Western Visayas,2010,3.397629724928237
Region 7: Central Visayas,2010,10.180463520665311
Region 8: Eastern Visayas,2010,4.4831525896237565
Region 9: Zamboanga Peninsula,2010,1.8787926995154576
Region 10: Northern Mindanao,2010,4.32248497961551
Region 11: Davao Region,2010,4.696809340549095
Region 12: SOCCSKSARGEN,2010,1.4563465107246572
CARAGA: Cordillera Administrative Region,2010,8.931179381321769
BARMM: Bangsamoro Autonomous Region in Muslim Mindanao,2010,6.379147571312259
PHILIPPINES,2011,2.061136379092005
NCR: National Capital Region,2011,0.7056681457364107
CAR: Cordillera Administrative Region,2011,-0.8184313880145595
Region 1: Ilocos Region,2011,2.7602023741366395
Region 2: Cagayan Valley,2011,5.009277059783429
Region 3: Central Luzon,2011,5.734126455339521
Region 4A: CALABARZON,2011,-0.3462034812161221
MIMAROPA: Southwestern Tagalog Region,2011,2.300266510700183
Region 5: Bicol Region,2011,2.1163616986964517
Region 6: Western Visayas,2011,5.012606125834736
Region 7: Central Visayas,2011,5.353704995510583
Region 8: Eastern Visayas,2011,1.186317969406076
Region 9: Zamboanga Peninsula,2011,-1.190605513344991
Region 10: Northern Mindanao,2011,4.141792672661012
Region 11: Davao Region,2011,2.0825574379776697
Region 12: SOCCSKSARGEN,2011,2.8838107506756927
CARAGA: Cordillera Administrative Region,2011,5.613559563605548
BARMM: Bangsamoro Autonomous Region in Muslim Mindanao,2011,0.1593546046638323
PHILIPPINES,2012,5.065050214902072
NCR: National Capital Region,2012,4.555136363206344
CAR: Cordillera Administrative Region,2012,-1.0107739804595042
Region 1: Ilocos Region,2012,4.129049698372072
Region 2: Cagayan Valley,2012,5.620296771017408
Region 3: Central Luzon,2012,6.297385309930846
Region 4A: CALABARZON,2012,5.153845507752749
MIMAROPA: Southwestern Tagalog Region,2012,3.830572640270319
Region 5: Bicol Region,2012,8.635029965104835
Region 6: Western Visayas,2012,5.971523211840179
Region 7: Central Visayas,2012,7.512821173550833
Region 8: Eastern Visayas,2012,-3.949956055608297
Region 9: Zamboanga Peninsula,2012,9.794004471357413
Region 10: Northern Mindanao,2012,5.523041169915885
Region 11: Davao Region,2012,5.236435966192062
Region 12: SOCCSKSARGEN,2012,5.970213505852399
CARAGA: Cordillera Administrative Region,2012,8.967250040076664
BARMM: Bangsamoro Autonomous Region in Muslim Mindanao,2012,-0.2594037511477296
PHILIPPINES,2013,4.948184649854653
NCR: National Capital Region,2013,4.912505744314771
CAR: Cordillera Administrative Region,2013,5.453842621358064
Region 1: Ilocos Region,2013,7.3823968611186785
Region 2: Cagayan Valley,2013,7.554133581939723
Region 3: Central Luzon,2013,3.9672563080284102
Region 4A: CALABARZON,2013,4.635088156621862
MIMAROPA: Southwestern Tagalog Region,2013,2.7225569310088247
Region 5: Bicol Region,2013,8.73662622526885
Region 6: Western Visayas,2013,3.1729849963620467
Region 7: Central Visayas,2013,6.196494663133166
Region 8: Eastern Visayas,2013,4.435973145879203
Region 9: Zamboanga Peninsula,2013,3.993512336170582
Region 10: Northern Mindanao,2013,4.177663836025729
Region 11: Davao Region,2013,4.368361314252226
Region 12: SOCCSKSARGEN,2013,7.0479526546707945
CARAGA: Cordillera Administrative Region,2013,8.030594099555714
BARMM: Bangsamoro Autonomous Region in Muslim Mindanao,2013,1.6059419700813038
PHILIPPINES,2014,4.573826691397272
NCR: National Capital Region,2014,3.842172290162552
CAR: Cordillera Administrative Region,2014,3.919263977685048
Region 1: Ilocos Region,2014,5.465228303762302
Region 2: Cagayan Valley,2014,7.074621900477695
Region 3: Central Luzon,2014,5.702766972817528
Region 4A: CALABARZON,2014,3.1776546014259424
MIMAROPA: Southwestern Tagalog Region,2014,8.496021495115528
Region 5: Bicol Region,2014,4.624104629178973
Region 6: Western Visayas,2014,4.138347267000427
Region 7: Central Visayas,2014,5.722350725832939
Region 8: Eastern Visayas,2014,-1.376379126439204
Region 9: Zamboanga Peninsula,2014,6.158580819239006
Region 10: Northern Mindanao,2014,6.803178171087708
Region 11: Davao Region,2014,7.226857119365988
Region 12: SOCCSKSARGEN,2014,4.275849757719001
CARAGA: Cordillera Administrative Region,2014,7.556260594447536
BARMM: Bangsamoro Autonomous Region in Muslim Mindanao,2014,3.2095735941620944
PHILIPPINES,2015,4.59496997508937
NCR: National Capital Region,2015,4.685638782653996
CAR: Cordillera Administrative Region,2015,3.104854953785093
Region 1: Ilocos Region,2015,4.289071541136906
Region 2: Cagayan Valley,2015,2.846141682562987
Region 3: Central Luzon,2015,4.082270509757507
Region 4A: CALABARZON,2015,4.289997384455432
MIMAROPA: Southwestern Tagalog Region,2015,3.3209294559321165
Region 5: Bicol Region,2015,9.244986189115592
Region 6: Western Visayas,2015,6.424278176437184
Region 7: Central Visayas,2015,4.417575128919964
Region 8: Eastern Visayas,2015,4.71256944529415
Region 9: Zamboanga Peninsula,2015,7.974192111432359
Region 10: Northern Mindanao,2015,4.134850589379767
Region 11: Davao Region,2015,6.197743999558142
Region 12: SOCCSKSARGEN,2015,1.6905311859812144
CARAGA: Cordillera Administrative Region,2015,5.351013984484609
BARMM: Bangsamoro Autonomous Region in Muslim Mindanao,2015,-2.003764526910828
PHILIPPINES,2016,5.376185225284118
NCR: National Capital Region,2016,5.511499901063274
CAR: Cordillera Administrative Region,2016,1.624092370534342
Region 1: Ilocos Region,2016,6.91962854897082
Region 2: Cagayan Valley,2016,3.468013471900917
Region 3: Central Luzon,2016,5.682582243287797
Region 4A: CALABARZON,2016,4.283137611591158
MIMAROPA: Southwestern Tagalog Region,2016,3.334895580526293
Region 5: Bicol Region,2016,5.786055000458632
Region 6: Western Visayas,2016,4.808519586035402
Region 7: Central Visayas,2016,5.625069563063008
Region 8: Eastern Visayas,2016,12.694223943211083
Region 9: Zamboanga Peninsula,2016,4.087313565651371
Region 10: Northern Mindanao,2016,6.236030535286744
Region 11: Davao Region,2016,7.452082722023888
Region 12: SOCCSKSARGEN,2016,2.622671086418208
CARAGA: Cordillera Administrative Region,2016,4.814408537262224
BARMM: Bangsamoro Autonomous Region in Muslim Mindanao,2016,1.3506760719276656
PHILIPPINES,2017,5.248499883550579
NCR: National Capital Region,2017,4.014293029797472
CAR: Cordillera Administrative Region,2017,8.263995581124206
Region 1: Ilocos Region,2017,4.49728745087539
Region 2: Cagayan Valley,2017,6.478262651813864
Region 3: Central Luzon,2017,8.215194066385024
Region 4A: CALABARZON,2017,5.252561050280164
MIMAROPA: Southwestern Tagalog Region,2017,4.76664998852678
Region 5: Bicol Region,2017,4.244207116787209
Region 6: Western Visayas,2017,7.1720186028756245
Region 7: Central Visayas,2017,5.425207785712701
Region 8: Eastern Visayas,2017,1.649893897671717
Region 9: Zamboanga Peninsula,2017,2.201575393775073
Region 10: Northern Mindanao,2017,4.425701551381508
Region 11: Davao Region,2017,7.052769635041884
Region 12: SOCCSKSARGEN,2017,6.045531295217543
CARAGA: Cordillera Administrative Region,2017,4.750191961652888
BARMM: Bangsamoro Autonomous Region in Muslim Mindanao,2017,7.882984625553462
PHILIPPINES,2018,4.746743081880211
NCR: National Capital Region,2018,4.087414314331639
CAR: Cordillera Administrative Region,2018,4.611165931726461
Region 1: Ilocos Region,2018,4.914166629235339
Region 2: Cagayan Valley,2018,3.3377751226958026
Region 3: Central Luzon,2018,4.902421012749386
Region 4A: CALABARZON,2018,4.777452263847295
MIMAROPA: Southwestern Tagalog Region,2018,7.0526861230534905
Region 5: Bicol Region,2018,5.667793644779678
Region 6: Western Visayas,2018,3.77787499738966
Region 7: Central Visayas,2018,5.513396661881046
Region 8: Eastern Visayas,2018,5.587705099640729
Region 9: Zamboanga Peninsula,2018,5.447041970100486
Region 10: Northern Mindanao,2018,5.671174885653556
Region 11: Davao Region,2018,5.490501473560471
Region 12: SOCCSKSARGEN,2018,5.236694968480293
CARAGA: Cordillera Administrative Region,2018,3.918379024844711
BARMM: Bangsamoro Autonomous Region in Muslim Mindanao,2018,5.547680020299239
PHILIPPINES,2019,4.602267657508463
NCR: National Capital Region,2019,5.634448060763347
CAR: Cordillera Administrative Region,2019,3.3937995673509533
Region 1: Ilocos Region,2019,6.305167849348138
Region 2: Cagayan Valley,2019,5.689419284241978
Region 3: Central Luzon,2019,4.003512626426513
Region 4A: CALABARZON,2019,2.4520458212251413
MIMAROPA: Southwestern Tagalog Region,2019,2.957077423179186
Region 5: Bicol Region,2019,7.05668240078532
Region 6: Western Visayas,2019,5.279093236831315
Region 7: Central Visayas,2019,4.727351325261139
Region 8: Eastern Visayas,2019,4.217210446058076
Region 9: Zamboanga Peninsula,2019,3.767957904440067
Region 10: Northern Mindanao,2019,4.2811620531823
Region 11: Davao Region,2019,5.4069549220390485
Region 12: SOCCSKSARGEN,2019,1.944145654066048
CARAGA: Cordillera Administrative Region,2019,4.2053773631326266
BARMM: Bangsamoro Autonomous Region in Muslim Mindanao,2019,3.712420007435256
PHILIPPINES,2020,-10.806601909378458
NCR: National Capital Region,2020,-11.200475647115397
CAR: Cordillera Administrative Region,2020,-10.6822300602702
Region 1: Ilocos Region,2020,-8.477175571996838
Region 2: Cagayan Valley,2020,-10.815141416595267
Region 3: Central Luzon,2020,-15.362292689036266
Region 4A: CALABARZON,2020,-12.21894889067751
MIMAROPA: Southwestern Tagalog Region,2020,-8.745932208811723
Region 5: Bicol Region,2020,-9.336294580959333
Region 6: Western Visayas,2020,-10.468294980402163
Region 7: Central Visayas,2020,-11.080145311942118
Region 8: Eastern Visayas,2020,-8.845496386015327
Region 9: Zamboanga Peninsula,2020,-5.959314029976284
Region 10: Northern Mindanao,2020,-6.32274577538287
Region 11: Davao Region,2020,-9.046379023361382
Region 12: SOCCSKSARGEN,2020,-5.555508858458907
CARAGA: Cordillera Administrative Region,2020,-8.23756351080685
BARMM: Bangsamoro Autonomous Region in Muslim Mindanao,2020,-3.881251524882487
PHILIPPINES,2021,4.2
