,Geolocation,Year,1.2.1. Proportion of population living below the national poverty line,1.4.1p5 Net Enrolment Rate in elementary,1.4.1p6 Net Enrolment Rate in secondary education (Junior High School),1.4.1p6 Net Enrolment Rate in secondary education (Senior High School),1.5.4 Proportion of local governments that adopt and implement local disaster risk reduction strategies in line with national disaster risk reduction strategies,"3.4.1 Mortality rate attributed to cardiovascular disease, cancer, diabetes or chronic respiratory disease (Total data)",3.7.1 Proportion of women of reproductive age (aged 15-49 years) who have their need for family planning satisfied [provided] with modern methods,"3.7.2 Adolescent birth rate aged 15-19 years per 1,000 women in that age group",4.1.s1 Completion Rate of elementary and secondary students (Elementary),4.1.s1 Completion Rate of elementary and secondary students (Junior High School),4.1.s1 Completion Rate of elementary and secondary students (Senior High School),4.c.s2 Number of Technical-Vocational Education and Training (TVET) trainers trained,7.1.1 Proportion of population with access to electricity,8.1.1 Annual growth rate of real GDP per capita,10.1.1.1 Growth rates of household expenditure or income per capita (among the bottom 40 percent of the population),10.1.1.2 Growth rates of household expenditure or income per capita (among the Total Population),"14.5.1.1 Coverage of protected areas in relation to marine areas, Universe (in million hectares)","14.5.1.2 Coverage of protected areas in relation to marine areas, NIPAS ans Locally managed MPAs","16.1.1 Number of victims of intentional homicide (per 100,000 population)",16.1.s1 Number of murder cases,"Changes in Inventories, by Region","Current Health Expenditure by Region, Growth Rates",Current Health Expenditure by Region,Consumption Expenditure GR,Consumption Expenditure %,Gross Capital Formation,GRDP,Population,Drop-out rate,Price Index for Agriculture
0,PHILIPPINES,2000,,96.77,66.06,,,,,,62.72,70.07,,,,,,,,,,,-136845782.0,,,5.7,100.0,579938180.0,3697556205.0,76723051.0,,
1,NCR: National Capital Region,2000,,101.0,79.05,,,,,,63.87,68.16,,,,,,,,,,,2177317.0,,,8.3,45.9,203930819.0,1237450701.0,9961971.0,,
2,CAR: Cordillera Administrative Region,2000,,94.42,71.19,,,,,,61.95,70.31,,,,,,,,,,,-6416286.0,,,2.3,2.7,13865180.0,90446009.0,1369249.0,,
3,Region 1: Ilocos Region,2000,,97.73,87.51,,,,,,78.73,73.38,,,,,,,,,,,-1891391.0,,,1.3,4.0,24454284.0,128944988.0,4209083.0,,
4,Region 2: Cagayan Valley,2000,,95.65,77.11,,,,,,70.75,72.2,,,,,,,,,,,5458610.0,,,4.2,2.4,32773347.0,85937981.0,2819641.0,,
5,Region 3: Central Luzon,2000,,98.32,74.32,,,,,,75.06,75.19,,,,,,,,,,,-52958073.0,,,2.0,4.3,8037710.0,368786804.0,8233671.0,,
6,Region 4A: CALABARZON,2000,,98.5,71.03,,,,,,68.21,74.79,,,,,,,,,,,-111297796.0,,,8.2,4.4,18214696.0,601691426.0,9367205.0,,
7,MIMAROPA: Southwestern Tagalog Region,2000,,,,,,,,,,,,,,,,,,,,,2369275.0,,,3.0,2.0,10234683.0,66182382.0,2305919.0,,
8,Region 5: Bicol Region,2000,,95.56,62.05,,,,,,64.7,68.3,,,,,,,,,,,5267903.0,,,0.3,3.6,23129693.0,96854451.0,4698058.0,,
9,Region 6: Western Visayas,2000,,96.16,59.47,,,,,,65.45,67.93,,,,,,,,,,,12238329.0,,,7.9,5.0,46342201.0,180855163.0,6224949.0,,
10,Region 7: Central Visayas,2000,,98.6,67.18,,,,,,68.96,71.54,,,,,,,,,,,14163801.0,,,6.8,2.7,65471807.0,201368028.0,5723559.0,,
11,Region 8: Eastern Visayas,2000,,94.58,48.21,,,,,,56.84,64.25,,,,,,,,,,,-10840620.0,,,-0.8,4.6,21092440.0,103764213.0,3618043.0,,
12,Region 9: Zamboanga Peninsula,2000,,93.44,59.75,,,,,,51.01,62.65,,,,,,,,,,,2648445.0,,,0.5,3.8,20574017.0,71512156.0,2840160.0,,
13,Region 10: Northern Mindanao,2000,,95.6,57.26,,,,,,61.11,68.1,,,,,,,,,,,1986329.0,,,7.7,2.4,23598010.0,122602899.0,3517631.0,,
14,Region 11: Davao Region,2000,,93.89,57.05,,,,,,60.19,73.33,,,,,,,,,,,17223629.0,,,1.1,3.8,47552342.0,152937206.0,3688138.0,,
15,Region 12: SOCCSKSARGEN,2000,,97.34,69.48,,,,,,46.77,63.19,,,,,,,,,,,-8120781.0,,,1.6,4.2,8175791.0,90192440.0,2980515.0,,
16,CARAGA: Cordillera Administrative Region,2000,,92.92,56.65,,,,,,56.66,60.57,,,,,,,,,,,-12147353.0,,,6.6,2.3,3517216.0,52357709.0,2100540.0,,
17,BARMM: Bangsamoro Autonomous Region in Muslim Mindanao,2000,,91.28,23.5,,,,,,24.3,58.35,,,,,,,,,,,3292879.0,,,7.1,1.8,8973944.0,45671649.0,3064720.0,,
18,PHILIPPINES,2001,,90.1,57.55,,,,,,68.18,69.97,,,,1.0079144176033026,,,,,,,24650494.0,,,3.4,100.0,762429457.0,4024398940.0,78273584.0,,
19,NCR: National Capital Region,2001,,97.82,67.84,,,,,,74.29,68.43,,,,0.8411278169115946,,,,,,,32407610.0,,,-1.7,47.0,288023206.0,1349240704.0,10153254.0,,
20,CAR: Cordillera Administrative Region,2001,,92.89,59.84,,,,,,59.55,61.75,,,,1.9008376014278523,,,,,,,-3465763.0,,,4.5,2.7,13448285.0,95301368.0,1397362.0,,
21,Region 1: Ilocos Region,2001,,91.33,68.21,,,,,,79.7,75.35,,,,0.8115887464970655,,,,,,,-415859.0,,,6.6,3.8,26821755.0,137048662.0,4265007.0,,
22,Region 2: Cagayan Valley,2001,,89.45,59.67,,,,,,74.07,69.4,,,,2.1479534913057847,,,,,,,6710711.0,,,11.5,2.4,34873457.0,93104321.0,2860861.0,,
23,Region 3: Central Luzon,2001,,86.35,66.82,,,,,,74.63,70.72,,,,3.6001917056948542,,,,,,,-26135881.0,,,21.1,4.1,35506256.0,406500228.0,8420004.0,,
24,Region 4A: CALABARZON,2001,,93.44,66.24,,,,,,80.87,76.79,,,,-1.68399788512221,,,,,,,-28830457.0,,,15.0,4.5,76941117.0,671228264.0,9687547.0,,
25,MIMAROPA: Southwestern Tagalog Region,2001,,,,,,,,,,,,,,1.6640222746159736,,,,,,,2492120.0,,,7.8,2.0,11200127.0,71908260.0,2352183.0,,
26,Region 5: Bicol Region,2001,,91.77,55.56,,,,,,70.17,67.92,,,,1.5879193697141003,,,,,,,6003300.0,,,3.1,3.5,23889005.0,105014935.0,4772451.0,,
27,Region 6: Western Visayas,2001,,89.6,58.38,,,,,,63.88,71.47,,,,0.8821413146258266,,,,,,,12193914.0,,,4.2,5.1,44831024.0,190527313.0,6317904.0,,
28,Region 7: Central Visayas,2001,,88.56,55.65,,,,,,71.52,68.64,,,,2.4306002644343323,,,,,,,23634467.0,,,11.0,2.8,74574164.0,221348981.0,5830498.0,,
29,Region 8: Eastern Visayas,2001,,86.98,48.48,,,,,,63.64,64.9,,,,1.2407994528353044,,,,,,,-832765.0,,,7.9,4.3,25191530.0,111662287.0,3658304.0,,
30,Region 9: Zamboanga Peninsula,2001,,90.22,43.95,,,,,,48.56,67.71,,,,-0.2771733087915464,,,,,,,4412723.0,,,4.0,3.6,20350909.0,76332913.0,2906575.0,,
31,Region 10: Northern Mindanao,2001,,93.58,51.92,,,,,,62.65,67.44,,,,4.426710979482039,,,,,,,2205454.0,,,9.9,2.4,24298457.0,136862102.0,3599472.0,,
32,Region 11: Davao Region,2001,,84.7,48.9,,,,,,67.55,68.53,,,,0.4045186861624756,,,,,,,12619403.0,,,4.8,3.6,44208881.0,162157754.0,3766504.0,,
33,Region 12: SOCCSKSARGEN,2001,,86.78,50.56,,,,,,51.07,63.96,,,,-1.5454018863797216,,,,,,,-7847249.0,,,1.4,4.0,6512848.0,95184436.0,3054507.0,,
34,CARAGA: Cordillera Administrative Region,2001,,83.12,49.61,,,,,,69.09,63.02,,,,3.153920360133398,,,,,,,-8993970.0,,,5.3,2.3,7578191.0,56225051.0,2134809.0,,
35,BARMM: Bangsamoro Autonomous Region in Muslim Mindanao,2001,,83.68,20.48,,,,,,31.9,64.41,,,,-4.940170715737835,,,,,,,-1507265.0,,,5.1,1.8,4180245.0,44751362.0,3096339.0,,
36,PHILIPPINES,2002,,90.29,59.0,,,,,,71.55,74.81,,,,1.691457854710876,,,,,,,91133746.0,,,4.9,100.0,890086990.0,4350559772.0,79832103.0,,
37,NCR: National Capital Region,2002,,97.38,75.28,,,,,,84.35,75.51,,,,-0.916195185914262,,,,,,,47446140.0,,,4.7,44.8,312792420.0,1435447457.0,10344788.0,,
38,CAR: Cordillera Administrative Region,2002,,91.52,59.64,,,,,,77.61,59.41,,,,2.6040397858516684,,,,,,,-854248.0,,,0.9,2.7,16806013.0,104838201.0,1424800.0,,
39,Region 1: Ilocos Region,2002,,89.64,68.33,,,,,,86.74,79.29,,,,1.7048835749692302,,,,,,,-2366347.0,,,6.8,3.9,29627138.0,147243617.0,4320673.0,,
40,Region 2: Cagayan Valley,2002,,86.71,59.54,,,,,,72.6,69.95,,,,0.0892515310368935,,,,,,,7073336.0,,,7.5,2.6,37349804.0,96648982.0,2902169.0,,
41,Region 3: Central Luzon,2002,,93.58,67.74,,,,,,81.14,72.88,,,,3.3510124842543405,,,,,,,-755268.0,,,7.2,4.8,63533211.0,452337803.0,8607944.0,,
42,Region 4A: CALABARZON,2002,,95.97,68.16,,,,,,77.91,77.13,,,,1.5242211267325132,,,,,,,-9172498.0,,,5.9,5.0,108934789.0,713061159.0,10009909.0,,
43,MIMAROPA: Southwestern Tagalog Region,2002,,91.52,57.55,,,,,,69.19,76.83,,,,12.48029067157539,,,,,,,1885432.0,,,6.8,2.1,14899234.0,83490454.0,2398060.0,,
44,Region 5: Bicol Region,2002,,90.95,54.86,,,,,,76.1,77.81,,,,2.378082082721761,,,,,,,6176622.0,,,6.7,3.5,26003348.0,113543367.0,4846614.0,,
45,Region 6: Western Visayas,2002,,85.95,57.32,,,,,,60.21,73.28,,,,1.2637774514564484,,,,,,,10581660.0,,,2.9,5.1,46626457.0,206272535.0,6409990.0,,
46,Region 7: Central Visayas,2002,,88.09,57.3,,,,,,79.66,81.14,,,,0.0917591521850624,,,,,,,15639464.0,,,1.8,3.0,72065505.0,236861695.0,5937986.0,,
47,Region 8: Eastern Visayas,2002,,85.91,48.99,,,,,,64.43,63.49,,,,1.703501265441318,,,,,,,-544446.0,,,6.7,4.5,29938004.0,118558368.0,3700580.0,,
48,Region 9: Zamboanga Peninsula,2002,,89.74,49.24,,,,,,47.47,73.22,,,,0.6556381100849791,,,,,,,2291752.0,,,3.1,3.6,20478447.0,81220537.0,2970981.0,,
49,Region 10: Northern Mindanao,2002,,89.04,53.4,,,,,,66.28,79.56,,,,7.661506825756675,,,,,,,7214546.0,,,5.4,2.6,31421346.0,158949261.0,3680709.0,,
50,Region 11: Davao Region,2002,,84.96,52.28,,,,,,68.51,73.08,,,,3.313226345051305,,,,,,,18921653.0,,,2.2,3.6,48321754.0,177461785.0,3845076.0,,
51,Region 12: SOCCSKSARGEN,2002,,82.01,53.38,,,,,,62.25,76.79,,,,7.457846651260553,,,,,,,-2370092.0,,,2.6,4.0,14099278.0,109032491.0,3128080.0,,
52,CARAGA: Cordillera Administrative Region,2002,,80.73,49.77,,,,,,69.33,79.63,,,,4.190756101803103,,,,,,,-12743708.0,,,3.6,2.4,7031623.0,62421224.0,2168877.0,,
53,BARMM: Bangsamoro Autonomous Region in Muslim Mindanao,2002,,92.72,23.69,,,,,,46.6,60.94,,,,10.950593387532765,,,,,,,2709746.0,,,13.5,1.8,10158618.0,53170834.0,3134866.0,,
54,PHILIPPINES,2003,,88.74,60.15,,,,46.7,53.0,70.24,71.67,,,,3.06452599927394,,,,,,,40200557.0,,,3.9,100.0,921328434.0,4717808940.0,81398610.0,,
55,NCR: National Capital Region,2003,,96.81,76.42,,,,47.2,35.0,83.81,73.36,,,,2.756815147792864,,,,,,,38680890.0,,,5.0,44.7,350366278.0,1545711905.0,10536574.0,,
56,CAR: Cordillera Administrative Region,2003,,89.19,61.76,,,,44.4,52.0,73.9,73.61,,,,3.2685344903706124,,,,,,,2816938.0,,,-1.4,2.6,19788755.0,113075065.0,1451561.0,,
57,Region 1: Ilocos Region,2003,,88.52,68.05,,,,49.6,55.0,84.46,75.53,,,,3.183009525362081,,,,,,,1563172.0,,,0.3,4.0,32967294.0,157948520.0,4376079.0,,
58,Region 2: Cagayan Valley,2003,,85.65,61.65,,,,68.8,85.0,78.63,76.66,,,,1.1328124863788815,,,,,,,7434120.0,,,4.6,2.6,40755790.0,99116555.0,2943564.0,,
59,Region 3: Central Luzon,2003,,93.61,69.35,,,,54.2,42.0,83.25,71.3,,,,2.107589457658591,,,,,,,-11413915.0,,,19.7,4.9,64973784.0,494424474.0,8797491.0,,
60,Region 4A: CALABARZON,2003,,95.33,70.19,,,,46.1,44.0,76.5,77.91,,,,1.9483372440010955,,,,,,,-5564609.0,,,5.1,5.0,111408235.0,788436127.0,10334289.0,,
61,MIMAROPA: Southwestern Tagalog Region,2003,,89.42,58.43,,,,48.5,108.0,70.42,72.25,,,,7.750967760265809,,,,,,,1015582.0,,,-9.0,2.1,12029760.0,95423489.0,2443548.0,,
62,Region 5: Bicol Region,2003,,89.3,55.61,,,,30.6,60.0,71.7,69.74,,,,3.9513424757537914,,,,,,,133123.0,,,-5.4,3.5,23452407.0,120066693.0,4920546.0,,
63,Region 6: Western Visayas,2003,,83.25,57.86,,,,42.3,57.0,68.05,75.37,,,,4.390161714513113,,,,,,,5708728.0,,,-1.9,5.0,45601881.0,220844486.0,6501206.0,,
64,Region 7: Central Visayas,2003,,85.57,58.38,,,,47.1,45.0,70.93,69.45,,,,2.471710576614868,,,,,,,15346129.0,,,13.7,2.9,70933637.0,251698543.0,6046025.0,,
65,Region 8: Eastern Visayas,2003,,83.74,49.96,,,,35.8,48.0,68.19,68.88,,,,4.392669343814831,,,,,,,-15430382.0,,,4.2,4.6,17339732.0,126148913.0,3744872.0,,
66,Region 9: Zamboanga Peninsula,2003,,84.83,49.31,,,,46.9,82.0,56.41,62.14,,,,2.2634177641671585,,,,,,,-237244.0,,,-5.7,3.6,19815370.0,86783931.0,3033380.0,,
67,Region 10: Northern Mindanao,2003,,86.92,53.8,,,,45.9,56.0,65.97,62.73,,,,4.320206558093375,,,,,,,6801237.0,,,7.7,2.6,36803846.0,177471012.0,3761342.0,,
68,Region 11: Davao Region,2003,,84.36,52.11,,,,53.6,42.0,64.66,61.38,,,,4.934068243413975,,,,,,,13737486.0,,,-3.6,3.5,50647069.0,194422080.0,3923852.0,,
69,Region 12: SOCCSKSARGEN,2003,,81.18,53.86,,,,51.6,90.0,63.36,66.24,,,,3.9244741146200255,,,,,,,-7479618.0,,,0.8,3.9,14305623.0,120147954.0,3201234.0,,
70,CARAGA: Cordillera Administrative Region,2003,,78.04,49.72,,,,43.7,85.0,66.93,64.0,,,,3.1087996908246254,,,,,,,-11767663.0,,,10.8,2.4,3017840.0,68343455.0,2202744.0,,
71,BARMM: Bangsamoro Autonomous Region in Muslim Mindanao,2003,,90.13,29.37,,,,23.1,51.0,27.95,62.33,,,,3.3082727600076964,,,,,,,-1143417.0,,,2.7,2.0,7121133.0,57745738.0,3180302.0,,
72,PHILIPPINES,2004,,87.11,59.97,,,,,,69.06,72.38,,,,4.541527176741056,,,,,,,115195365.0,,,7.8,100.0,1103698971.0,5323904177.0,82977428.0,,
73,NCR: National Capital Region,2004,,94.82,76.4,,,,,,82.1,77.33,,,,6.355850767629391,,,,,,,90746761.0,,,5.8,45.1,445396815.0,1743576537.0,10729137.0,,
74,CAR: Cordillera Administrative Region,2004,,86.4,60.71,,,,,,69.46,72.54,,,,3.4879768619455263,,,,,,,5942522.0,,,14.3,2.5,24257807.0,126064714.0,1477718.0,,
75,Region 1: Ilocos Region,2004,,86.98,66.96,,,,,,85.49,77.81,,,,3.8896628892332927,,,,,,,11013024.0,,,11.9,3.9,45222018.0,178137944.0,4431377.0,,
76,Region 2: Cagayan Valley,2004,,82.9,60.64,,,,,,75.5,73.01,,,,7.426633218736271,,,,,,,14501407.0,,,5.7,2.7,51068600.0,117674721.0,2985160.0,,
77,Region 3: Central Luzon,2004,,92.03,69.81,,,,,,78.48,76.57,,,,0.9627470829942696,,,,,,,-18880906.0,,,3.8,5.7,68231368.0,548718978.0,8989170.0,,
78,Region 4A: CALABARZON,2004,,95.1,70.94,,,,,,77.96,74.93,,,,2.276289065259121,,,,,,,-7379076.0,,,19.4,5.1,117422285.0,881529587.0,10661585.0,,
79,MIMAROPA: Southwestern Tagalog Region,2004,,88.0,57.8,,,,,,68.81,71.2,,,,1.8306382829376984,,,,,,,-2997026.0,,,25.2,1.8,9464169.0,103521732.0,2488772.0,,
80,Region 5: Bicol Region,2004,,87.78,55.82,,,,,,74.32,70.55,,,,3.9375215665899503,,,,,,,2225757.0,,,18.4,3.2,28387601.0,135875452.0,4994449.0,,
81,Region 6: Western Visayas,2004,,80.49,56.96,,,,,,67.44,72.82,,,,6.157605783316782,,,,,,,6233671.0,,,9.5,4.8,48709503.0,244363281.0,6591799.0,,
82,Region 7: Central Visayas,2004,,83.53,57.4,,,,,,70.99,70.55,,,,4.914365278504434,,,,,,,14804151.0,,,0.6,3.2,76422804.0,286487926.0,6154912.0,,
83,Region 8: Eastern Visayas,2004,,83.44,50.64,,,,,,68.99,71.67,,,,4.408115626213487,,,,,,,-19334525.0,,,0.3,4.6,18965733.0,147430426.0,3791309.0,,
84,Region 9: Zamboanga Peninsula,2004,,82.83,50.47,,,,,,54.02,66.29,,,,2.447019110001108,,,,,,,4012508.0,,,14.6,3.2,25632443.0,96967352.0,3093932.0,,
85,Region 10: Northern Mindanao,2004,,84.16,52.08,,,,,,58.06,61.21,,,,6.038860137285965,,,,,,,14742998.0,,,16.5,2.7,46562387.0,204146137.0,3841588.0,,
86,Region 11: Davao Region,2004,,82.54,51.16,,,,,,62.47,68.81,,,,4.306681280959239,,,,,,,10215524.0,,,15.9,3.3,54960082.0,221493390.0,4003049.0,,
87,Region 12: SOCCSKSARGEN,2004,,79.99,55.24,,,,,,60.58,76.91,,,,3.350673255897348,,,,,,,-3010553.0,,,0.6,3.8,21311622.0,139197728.0,3274168.0,,
88,CARAGA: Cordillera Administrative Region,2004,,75.08,49.66,,,,,,59.32,71.9,,,,4.253532641672521,,,,,,,-12195146.0,,,1.4,2.5,6226540.0,77441587.0,2236502.0,,
89,BARMM: Bangsamoro Autonomous Region in Muslim Mindanao,2004,,90.01,28.43,,,,,,31.33,45.29,,,,6.299145532375277,,,,,,,4554275.0,,,-1.0,2.0,15457196.0,71276682.0,3232800.0,,
90,PHILIPPINES,2005,,84.44,58.54,,,,,,68.11,61.66,,,,2.9785515939991143,,,,,,,20573012.0,,,13.2,100.0,1098633998.0,5917282301.0,84559930.0,,
91,NCR: National Capital Region,2005,,92.61,74.99,,,,,,82.5,65.87,,,,3.310895022436384,,,,,,,-21121052.0,,,9.1,44.3,364638998.0,1954778997.0,10921427.0,,
92,CAR: Cordillera Administrative Region,2005,,82.58,57.81,,,,,,67.53,63.2,,,,0.0567396973274441,,,,,,,922235.0,,,6.1,2.6,20432006.0,133005766.0,1503126.0,,
93,Region 1: Ilocos Region,2005,,84.87,65.83,,,,,,85.48,72.09,,,,3.3625987915048228,,,,,,,2156933.0,,,29.2,4.0,39338515.0,198599341.0,4486265.0,,
94,Region 2: Cagayan Valley,2005,,79.92,59.02,,,,,,76.4,68.82,,,,-3.2389556993871054,,,,,,,21591202.0,,,17.5,2.6,58370199.0,121542578.0,3026730.0,,
95,Region 3: Central Luzon,2005,,90.77,68.93,,,,,,80.16,70.26,,,,1.7253195748094328,,,,,,,-4770170.0,,,20.2,5.5,92419886.0,610192972.0,9181933.0,,
96,Region 4A: CALABARZON,2005,,92.87,69.1,,,,,,76.98,68.42,,,,2.1384326101953945,,,,,,,30758718.0,,,14.1,5.6,173261985.0,987614867.0,10990009.0,,
97,MIMAROPA: Southwestern Tagalog Region,2005,,84.39,56.08,,,,,,67.17,52.76,,,,7.306973440180343,,,,,,,1792345.0,,,18.0,2.1,15527012.0,121806090.0,2533484.0,,
98,Region 5: Bicol Region,2005,,85.43,53.24,,,,,,71.69,54.25,,,,3.944177715157622,,,,,,,3413493.0,,,20.9,3.5,30110212.0,148022711.0,5067918.0,,
99,Region 6: Western Visayas,2005,,77.14,54.91,,,,,,66.3,61.21,,,,3.638961485803847,,,,,,,1445825.0,,,18.6,4.8,44867130.0,270572999.0,6681274.0,,
100,Region 7: Central Visayas,2005,,80.08,54.76,,,,,,69.3,53.43,,,,5.183705440373743,,,,,,,2064083.0,,,17.7,3.0,64122060.0,321657954.0,6264053.0,,
101,Region 8: Eastern Visayas,2005,,80.03,50.09,,,,,,58.44,54.1,,,,4.480726282199839,,,,,,,-13005839.0,,,8.4,4.3,33122898.0,164052811.0,3839638.0,,
102,Region 9: Zamboanga Peninsula,2005,,79.14,47.17,,,,,,53.8,46.82,,,,5.467405200963853,,,,,,,4543260.0,,,13.8,3.5,25807637.0,110091946.0,3152309.0,,
103,Region 10: Northern Mindanao,2005,,80.2,51.27,,,,,,59.73,57.23,,,,3.281551352598825,,,,,,,13843338.0,,,18.0,2.9,47028216.0,224201372.0,3921010.0,,
104,Region 11: Davao Region,2005,,79.01,49.02,,,,,,56.59,51.38,,,,2.158022366361763,,,,,,,-8433806.0,,,11.5,3.5,41714462.0,240651281.0,4082235.0,,
105,Region 12: SOCCSKSARGEN,2005,,77.43,51.33,,,,,,58.0,48.87,,,,-0.2142530170448537,,,,,,,-3658552.0,,,10.4,3.5,22874351.0,146556546.0,3346482.0,,
106,CARAGA: Cordillera Administrative Region,2005,,74.8,48.52,,,,,,67.07,58.02,,,,2.932371991801702,,,,,,,-12928080.0,,,16.2,2.4,8967658.0,84420023.0,2269967.0,,
107,BARMM: Bangsamoro Autonomous Region in Muslim Mindanao,2005,,87.26,35.61,,,,,,34.76,53.0,,,,3.591165366535336,,,,,,,1959079.0,,,22.7,1.8,16030773.0,79514046.0,3292071.0,,
108,PHILIPPINES,2006,,83.22,58.59,,,4.2,,,71.72,72.14,,,,3.372089075537985,,,,,,,-178148844.0,,,11.9,100.0,1049071426.0,6550417113.0,86150420.0,6.37,
109,NCR: National Capital Region,2006,,92.89,75.12,,,5.1,,,88.48,71.62,,,,3.8099508528209194,,,,,,,-62074630.0,,,12.5,42.7,350945836.0,2176864045.0,11113967.0,2.37,
110,CAR: Cordillera Administrative Region,2006,,80.86,59.1,,,3.3,,,74.99,83.69,,,,2.068304836073878,,,,,,,1539829.0,,,3.3,2.4,25385665.0,145857673.0,1527858.0,5.67,
111,Region 1: Ilocos Region,2006,,82.74,68.19,,,4.9,,,81.64,84.19,,,,4.594092497093172,,,,,,,-12615425.0,,,2.3,4.6,32127165.0,218353822.0,4540893.0,3.93,
112,Region 2: Cagayan Valley,2006,,77.7,58.85,,,4.0,,,78.49,77.19,,,,8.370661785283744,,,,,,,19634112.0,,,11.2,2.7,68595346.0,139253836.0,3068387.0,4.72,
113,Region 3: Central Luzon,2006,,89.14,69.13,,,4.8,,,82.16,74.57,,,,2.5389843449357983,,,,,,,-23168248.0,,,21.3,5.8,84806309.0,668848239.0,9376303.0,3.69,
114,Region 4A: CALABARZON,2006,,92.36,71.26,,,4.7,,,81.83,80.09,,,,1.4909276365125237,,,,,,,-40148922.0,,,38.8,5.7,120393803.0,1093698856.0,11320451.0,3.9,
115,MIMAROPA: Southwestern Tagalog Region,2006,,83.84,58.86,,,3.5,,,70.04,73.22,,,,2.0909198730071097,,,,,,,-6738316.0,,,21.4,2.2,10027999.0,131197013.0,2577808.0,6.7,
116,Region 5: Bicol Region,2006,,83.8,54.33,,,,,,73.04,70.32,,,,1.913256144528248,,,,,,,1929194.0,,,20.4,3.8,31513023.0,158101543.0,5141157.0,6.06,
117,Region 6: Western Visayas,2006,,74.96,52.89,,,,,,70.62,70.0,,,,4.102687650782812,,,,,,,-6533844.0,,,4.1,5.1,52570827.0,299925476.0,6769880.0,6.38,
118,Region 7: Central Visayas,2006,,78.87,53.86,,,4.3,,,77.85,70.27,,,,2.866216678475709,,,,,,,-22029093.0,,,6.3,3.1,52741677.0,354599746.0,6373743.0,5.0,
119,Region 8: Eastern Visayas,2006,,78.15,49.88,,,3.5,,,65.39,69.02,,,,5.382048407335603,,,,,,,-14453592.0,,,0.9,4.1,35549864.0,183249360.0,3889981.0,8.03,
120,Region 9: Zamboanga Peninsula,2006,,77.59,47.7,,,3.0,,,58.6,70.95,,,,1.9831574834632733,,,,,,,6236741.0,,,3.0,3.5,32077060.0,124161636.0,3208677.0,10.4,
121,Region 10: Northern Mindanao,2006,,78.96,51.23,,,3.5,,,65.87,66.38,,,,4.663455769090149,,,,,,,13399986.0,,,9.0,3.1,51278595.0,248747368.0,3999827.0,8.07,
122,Region 11: Davao Region,2006,,75.89,47.84,,,3.6,,,57.22,64.75,,,,2.6781661767286096,,,,,,,-17199083.0,,,1.8,3.5,44995751.0,260394849.0,4161626.0,10.49,
123,Region 12: SOCCSKSARGEN,2006,,76.35,48.85,,,3.0,,,62.07,55.93,,,,4.09643438012705,,,,,,,-7410550.0,,,4.9,3.4,22344500.0,162095898.0,3418378.0,8.87,
124,CARAGA: Cordillera Administrative Region,2006,,77.76,48.89,,,3.4,,,64.23,69.92,,,,5.023460617428583,,,,,,,-10577337.0,,,1.2,2.4,15474356.0,95817471.0,2303231.0,8.53,
125,BARMM: Bangsamoro Autonomous Region in Muslim Mindanao,2006,,85.82,32.56,,,0.6,,,31.43,35.21,,,,3.7592623536913976,,,,,,,2060334.0,,,15.4,2.0,18243650.0,89250281.0,3358251.0,19.76,
126,PHILIPPINES,2007,,84.93,60.21,,,4.2,,,73.06,75.37,,,,4.57888445644312,,,,,,,-198481639.0,,,6.8,100.0,1160979516.0,7198244888.0,87748896.0,5.99,
127,NCR: National Capital Region,2007,,94.42,80.16,,,5.2,,,85.35,78.71,,,,4.989651882035574,,,,,,,-72647490.0,,,9.2,42.9,410794316.0,2399583921.0,11306759.0,2.83,
128,CAR: Cordillera Administrative Region,2007,,81.5,57.04,,,3.1,,,71.7,75.67,,,,5.577004787071061,,,,,,,2224400.0,,,3.4,2.3,26901466.0,153956921.0,1551914.0,6.41,
129,Region 1: Ilocos Region,2007,,83.14,67.62,,,4.8,,,82.71,82.34,,,,4.671400811903553,,,,,,,-7528468.0,,,0.8,4.2,41310895.0,235792743.0,4595262.0,3.76,
130,Region 2: Cagayan Valley,2007,,77.53,59.47,,,3.9,,,78.06,78.96,,,,5.103214067393765,,,,,,,24258860.0,,,1.8,2.7,71904291.0,154237291.0,3110132.0,4.95,
131,Region 3: Central Luzon,2007,,91.37,70.78,,,5.0,,,80.68,76.58,,,,3.720296230980935,,,,,,,-27299916.0,,,9.1,6.3,92665051.0,721803908.0,9572279.0,3.97,
132,Region 4A: CALABARZON,2007,,94.02,73.86,,,4.7,,,79.29,80.64,,,,2.5738832555453115,,,,,,,-56711613.0,,,0.7,7.0,119653336.0,1194749373.0,11652912.0,4.41,
133,MIMAROPA: Southwestern Tagalog Region,2007,,84.07,59.28,,,3.5,,,68.06,72.59,,,,7.619860406054471,,,,,,,-15985915.0,,,7.0,2.4,3017260.0,148513117.0,2621744.0,7.4,
134,Region 5: Bicol Region,2007,,85.41,55.97,,,,,,74.36,74.05,,,,5.84879068102228,,,,,,,350885.0,,,1.3,4.0,37647782.0,178100846.0,5214165.0,5.78,
135,Region 6: Western Visayas,2007,,75.44,53.83,,,,,,71.87,75.52,,,,5.338760742934085,,,,,,,5404782.0,,,0.3,4.7,61931227.0,329317934.0,6857616.0,6.14,
136,Region 7: Central Visayas,2007,,80.28,54.57,,,4.2,,,78.38,72.59,,,,6.306427290969864,,,,,,,-27281777.0,,,7.5,2.9,51229324.0,394422136.0,6483984.0,4.65,
137,Region 8: Eastern Visayas,2007,,79.19,51.49,,,3.5,,,69.51,69.68,,,,1.821488552952772,,,,,,,-24688486.0,,,9.4,3.7,28872332.0,187305762.0,3942341.0,6.99,
138,Region 9: Zamboanga Peninsula,2007,,78.99,50.18,,,3.0,,,60.14,69.44,,,,5.81479850014675,,,,,,,7176296.0,,,2.7,3.2,36393184.0,140783508.0,3263037.0,9.89,
139,Region 10: Northern Mindanao,2007,,80.6,51.7,,,3.4,,,67.94,71.68,,,,5.32962886093344,,,,,,,13825301.0,,,15.6,3.0,56935962.0,278501999.0,4078040.0,7.23,
140,Region 11: Davao Region,2007,,77.38,49.12,,,3.8,,,65.49,70.45,,,,4.16899742651546,,,,,,,-7510156.0,,,7.9,3.2,53906127.0,289561841.0,4241222.0,8.26,
141,Region 12: SOCCSKSARGEN,2007,,78.65,50.62,,,3.1,,,65.46,70.93,,,,4.232484028420998,,,,,,,-2902424.0,,,0.3,3.2,29560684.0,185204666.0,3489855.0,8.29,
142,CARAGA: Cordillera Administrative Region,2007,,81.46,48.64,,,3.4,,,71.82,72.98,,,,4.936549105559891,,,,,,,2066721.0,,,8.5,2.2,28536461.0,111530938.0,2336294.0,6.42,
143,BARMM: Bangsamoro Autonomous Region in Muslim Mindanao,2007,,94.01,34.58,,,0.6,,,41.29,65.36,,,,2.9570051641038475,,,,,,,-11232638.0,,,11.8,2.0,9719819.0,94877985.0,3431340.0,15.77,
144,PHILIPPINES,2008,,85.11,60.74,,,4.3,46.8,54.0,73.28,75.24,,,,2.463484297148355,,,,,,,-10934733.0,,,16.2,100.0,1526893379.0,8050200621.0,89359772.0,6.02,
145,NCR: National Capital Region,2008,,93.69,80.79,,,5.2,43.2,25.0,85.27,79.6,,,,2.771026072994303,,,,,,,-16791691.0,,,16.6,43.9,541772989.0,2655351616.0,11500331.0,2.92,
146,CAR: Cordillera Administrative Region,2008,,81.93,57.14,,,3.3,55.0,34.0,75.81,82.38,,,,2.1033717636687044,,,,,,,1699529.0,,,10.0,2.2,29704835.0,165532965.0,1575358.0,5.49,
147,Region 1: Ilocos Region,2008,,82.85,68.22,,,5.0,49.7,52.0,84.83,81.21,,,,1.7745232099705532,,,,,,,-1384595.0,,,6.4,4.0,50763801.0,265782293.0,4649520.0,3.09,
148,Region 2: Cagayan Valley,2008,,76.23,58.34,,,4.0,62.6,54.0,80.45,79.76,,,,1.083638592714408,,,,,,,18866447.0,,,15.2,2.6,73649021.0,174606287.0,3152079.0,4.3,
149,Region 3: Central Luzon,2008,,90.93,71.24,,,5.0,54.0,69.0,81.35,76.29,,,,3.033029750938596,,,,,,,-1141473.0,,,20.3,6.4,138098487.0,832147448.0,9770406.0,3.94,
150,Region 4A: CALABARZON,2008,,94.1,74.89,,,4.6,46.1,63.0,81.62,81.0,,,,0.6843353527736156,,,,,,,-51903824.0,,,20.3,6.6,149756689.0,1286125893.0,11988312.0,3.87,
151,MIMAROPA: Southwestern Tagalog Region,2008,,85.42,59.67,,,3.5,48.5,87.0,71.64,72.56,,,,3.2562046730027987,,,,,,,1808683.0,,,16.7,2.4,22411802.0,174989809.0,2665411.0,6.4,
152,Region 5: Bicol Region,2008,,85.07,55.24,,,,33.8,63.0,74.39,73.14,,,,3.660203715087548,,,,,,,5154369.0,,,21.3,3.8,47880014.0,203567999.0,5287141.0,5.9,
153,Region 6: Western Visayas,2008,,74.93,53.98,,,,44.4,41.0,72.6,76.35,,,,3.485104615816724,,,,,,,15823095.0,,,20.7,4.4,73382845.0,375511999.0,6944719.0,6.03,
154,Region 7: Central Visayas,2008,,81.38,55.49,,,4.4,46.0,58.0,78.83,73.32,,,,3.373899714217089,,,,,,,-23683350.0,,,13.2,2.9,66644077.0,442118144.0,6595079.0,4.59,
155,Region 8: Eastern Visayas,2008,,80.33,53.28,,,3.5,37.5,60.0,71.65,70.56,,,,3.40742363268636,,,,,,,3012086.0,,,5.4,3.8,57762475.0,225450370.0,3996867.0,6.51,
156,Region 9: Zamboanga Peninsula,2008,,79.25,49.28,,,3.2,40.3,62.0,58.77,68.74,,,,1.3578605101900223,,,,,,,15287172.0,,,6.7,3.1,47934898.0,162968224.0,3315530.0,10.27,
157,Region 10: Northern Mindanao,2008,,81.23,50.67,,,3.6,54.2,43.0,68.67,70.38,,,,3.540598894554776,,,,,,,18543621.0,,,23.1,3.2,66116839.0,322020334.0,4155859.0,7.28,
158,Region 11: Davao Region,2008,,78.0,48.61,,,4.0,59.5,68.0,62.72,72.57,,,,1.9675460150471904,,,,,,,11999027.0,,,10.8,3.2,78610222.0,328336322.0,4321241.0,9.09,
159,Region 12: SOCCSKSARGEN,2008,,80.12,51.8,,,3.2,53.8,64.0,66.01,68.24,,,,2.7278503327793544,,,,,,,2443724.0,,,24.3,3.0,37747319.0,211332780.0,3561107.0,8.33,
160,CARAGA: Cordillera Administrative Region,2008,,76.14,51.09,,,3.5,47.6,83.0,71.89,73.64,,,,1.3560643277680242,,,,,,,1206760.0,,,12.6,2.2,32838613.0,119394512.0,2369246.0,6.62,
161,BARMM: Bangsamoro Autonomous Region in Muslim Mindanao,2008,,99.85,37.98,,,0.5,21.2,71.0,37.5,53.55,,,,-0.5839999628623218,,,,,,,-11874312.0,,,15.6,2.1,11818453.0,104963626.0,3511566.0,17.99,
162,PHILIPPINES,2009,,89.48,59.89,,,4.4,,,72.18,73.55,,,99.39,-0.3520272859113333,,,,,,,-100523573.0,,,10.8,100.0,1462594876.0,8390421456.0,90974244.0,6.28,
163,NCR: National Capital Region,2009,,90.96,76.69,,,5.2,,,79.66,75.8,,,100.0,-1.7184124438690844,,,,,,,-78327162.0,,,9.9,44.1,461856608.0,2754035852.0,11693627.0,4.07,
164,CAR: Cordillera Administrative Region,2009,,99.51,64.76,,,3.3,,,77.13,63.35,,,100.0,0.7371908800771365,,,,,,,4102771.0,,,10.4,2.1,32099095.0,172017163.0,1598061.0,5.04,
165,Region 1: Ilocos Region,2009,,93.24,71.77,,,5.0,,,83.09,80.39,,,100.0,-1.263560033872977,,,,,,,-2241727.0,,,12.4,3.6,55904854.0,278946712.0,4703370.0,3.6,
166,Region 2: Cagayan Valley,2009,,95.58,66.95,,,4.1,,,78.25,77.96,,,99.96,0.8358897470857727,,,,,,,21317690.0,,,8.4,2.5,75637222.0,184247388.0,3193998.0,4.81,
167,Region 3: Central Luzon,2009,,90.99,68.41,,,5.2,,,81.87,76.14,,,99.94,-1.3478828681357695,,,,,,,-4638249.0,,,11.3,6.7,152676627.0,854442889.0,9969599.0,3.72,
168,Region 4A: CALABARZON,2009,,87.43,67.03,,,4.8,,,84.84,81.17,,,98.63,-3.478451191321738,,,,,,,-70383785.0,,,11.8,6.9,137230627.0,1283795207.0,12324816.0,2.57,
169,MIMAROPA: Southwestern Tagalog Region,2009,,88.76,56.29,,,3.6,,,69.38,73.13,,,99.31,2.9029716037283606,,,,,,,-4735049.0,,,8.6,2.4,18093221.0,184665344.0,2708570.0,6.93,
170,Region 5: Bicol Region,2009,,92.63,54.92,,,,,,74.45,73.61,,,99.94,5.586480535080639,,,,,,,3798417.0,,,10.6,4.0,49960679.0,223520298.0,5359687.0,5.8,
171,Region 6: Western Visayas,2009,,86.99,55.83,,,,,,72.54,76.27,,,99.93,4.312947819300987,,,,,,,6024890.0,,,11.5,4.6,65937469.0,407178512.0,7030714.0,6.05,
172,Region 7: Central Visayas,2009,,90.87,56.69,,,4.5,,,76.84,73.12,,,100.0,1.3138918709686038,,,,,,,-14827586.0,,,14.4,2.9,71085390.0,465442221.0,6706422.0,4.78,
173,Region 8: Eastern Visayas,2009,,90.23,52.45,,,3.6,,,69.46,69.88,,,98.84,2.487710281903219,,,,,,,9742439.0,,,15.3,3.4,66895260.0,241850136.0,4053263.0,7.19,
174,Region 9: Zamboanga Peninsula,2009,,91.66,48.75,,,3.4,,,59.84,69.72,,,99.84,5.151711049080546,,,,,,,23828928.0,,,11.9,2.8,57791190.0,178223978.0,3365869.0,10.21,
175,Region 10: Northern Mindanao,2009,,91.91,50.61,,,3.8,,,64.46,65.87,,,96.44,1.4414203375929304,,,,,,,7506651.0,,,10.1,3.4,61730858.0,346382742.0,4232861.0,8.44,
176,Region 11: Davao Region,2009,,93.26,54.47,,,4.2,,,66.97,68.78,,,100.0,3.0199742670523197,,,,,,,11299702.0,,,10.4,3.1,75252448.0,358638649.0,4401248.0,8.12,
177,Region 12: SOCCSKSARGEN,2009,,84.55,51.22,,,3.3,,,62.29,73.3,,,99.75,-0.1145238156530297,,,,,,,-5144357.0,,,8.3,3.2,32340873.0,220826218.0,3631744.0,9.16,
178,CARAGA: Cordillera Administrative Region,2009,,93.86,55.35,,,3.7,,,66.36,59.85,,,99.85,0.5746731855805507,,,,,,,5586101.0,,,11.0,2.2,36471545.0,125030284.0,2401907.0,8.07,
179,BARMM: Bangsamoro Autonomous Region in Muslim Mindanao,2009,,74.21,10.08,,,0.3,,,37.23,65.4,,,97.8,1.0382734235328712,,,,,,,-13433247.0,,,18.0,2.1,11630910.0,111177863.0,3598490.0,18.63,
180,PHILIPPINES,2010,,95.92,64.3,,,4.4,,,72.11,75.06,,,99.89,5.453808141858346,,,,,,,1856549.0,,,7.9,100.0,1921414212.0,9399450758.0,92596704.0,6.29,
181,NCR: National Capital Region,2010,,96.9,79.57,,,5.2,,,82.85,75.91,,,100.0,4.58724612183083,,,,,,,-8382259.0,,,3.8,43.7,709295233.0,3053160348.0,11887173.0,3.31,
182,CAR: Cordillera Administrative Region,2010,,97.64,63.7,,,3.2,,,71.79,75.15,,,100.0,4.611006446855598,,,,,,,10081530.0,,,8.7,2.1,40460952.0,189766817.0,1620087.0,6.0,
183,Region 1: Ilocos Region,2010,,98.32,76.4,,,5.1,,,82.8,78.78,,,100.0,7.426453497815501,,,,,,,17223201.0,,,8.1,3.7,78634006.0,312628376.0,4756961.0,3.78,
184,Region 2: Cagayan Valley,2010,,95.34,69.61,,,4.3,,,77.47,79.07,,,100.0,2.72351075542818,,,,,,,24698127.0,,,10.2,2.5,81642816.0,192880304.0,3236006.0,4.95,
185,Region 3: Central Luzon,2010,,98.04,74.4,,,5.2,,,80.22,77.76,,,100.0,7.861806449711523,,,,,,,-25471626.0,,,7.7,6.7,160676585.0,979287700.0,10170399.0,4.15,
186,Region 4A: CALABARZON,2010,,93.94,70.28,,,4.8,,,82.14,79.79,,,99.33,7.279562477489492,,,,,,,-74356788.0,,,7.1,6.9,201552417.0,1486403920.0,12663339.0,3.75,
187,MIMAROPA: Southwestern Tagalog Region,2010,,95.04,59.95,,,3.6,,,72.92,70.4,,,100.0,-0.7606446985672193,,,,,,,-5964736.0,,,5.1,2.4,19103351.0,191713018.0,2751341.0,6.25,
188,Region 5: Bicol Region,2010,,97.19,57.77,,,,,,74.54,73.0,,,100.0,4.505054041060944,,,,,,,13023064.0,,,8.2,4.0,63983684.0,246110918.0,5432002.0,5.79,
189,Region 6: Western Visayas,2010,,93.38,61.36,,,,,,71.15,74.64,,,100.0,3.397629724928237,,,,,,,11296248.0,,,8.0,4.6,78853405.0,433178888.0,7115840.0,6.56,
190,Region 7: Central Visayas,2010,,95.48,61.46,,,4.6,,,76.56,75.35,,,100.0,10.180463520665311,,,,,,,3078295.0,,,11.1,3.0,97617542.0,539482115.0,6818314.0,4.82,
191,Region 8: Eastern Visayas,2010,,95.39,56.55,,,3.5,,,71.79,69.7,,,100.0,4.4831525896237565,,,,,,,4583287.0,,,36.4,3.6,66576295.0,254164654.0,4111674.0,6.42,
192,Region 9: Zamboanga Peninsula,2010,,94.34,51.02,,,3.4,,,58.72,68.29,,,100.0,1.8787926995154576,,,,,,,16848217.0,,,11.3,2.9,54249749.0,195081265.0,3414199.0,10.41,
193,Region 10: Northern Mindanao,2010,,92.74,55.24,,,3.8,,,65.47,79.94,,,100.0,4.32248497961551,,,,,,,10258443.0,,,15.3,3.4,73568066.0,394980142.0,4309258.0,7.95,
194,Region 11: Davao Region,2010,,99.37,55.87,,,4.4,,,63.7,72.96,,,100.0,4.696809340549095,,,,,,,28070422.0,,,11.3,3.0,108400878.0,403461237.0,4481458.0,8.8,
195,Region 12: SOCCSKSARGEN,2010,,88.65,54.15,,,3.1,,,63.35,72.34,,,100.0,1.4563465107246572,,,,,,,-9587180.0,,,-3.1,3.2,33894195.0,252178036.0,3701963.0,8.9,
196,CARAGA: Cordillera Administrative Region,2010,,96.95,58.18,,,3.7,,,71.21,71.04,,,100.0,8.931179381321769,,,,,,,-3984307.0,,,3.9,2.2,30642970.0,143337552.0,2434366.0,6.72,
197,BARMM: Bangsamoro Autonomous Region in Muslim Mindanao,2010,,103.25,44.54,,,0.2,,,39.29,59.47,,,99.27,6.379147571312259,,,,,,,-9557387.0,,,36.4,2.3,22262068.0,131635468.0,3692323.0,18.1,
198,PHILIPPINES,2011,,98.04,65.14,,,4.4,,,71.01,74.4,,,70.18081236272779,2.061136379092005,,,,,,,178559066.0,,,21.1,100.0,2103996324.0,10144661327.0,94227150.0,6.36,
199,NCR: National Capital Region,2011,,99.69,79.79,,,5.2,,,83.07,79.08,,,80.70232002328778,0.7056681457364107,,,,,,,37960386.0,,,19.9,42.1,720272869.0,3237138656.0,12080971.0,2.93,
200,CAR: Cordillera Administrative Region,2011,,100.8,68.27,,,3.4,,,78.86,80.02,,,70.583333565578,-0.8184313880145595,,,,,,,20906816.0,,,23.0,2.1,49944680.0,200486679.0,1641438.0,4.91,
201,Region 1: Ilocos Region,2011,,98.69,76.19,,,5.1,,,82.39,75.02,,,80.92520888526595,2.7602023741366395,,,,,,,22315022.0,,,21.9,3.7,84747579.0,334384268.0,4810293.0,3.36,
202,Region 2: Cagayan Valley,2011,,97.31,70.5,,,4.2,,,73.08,77.84,,,73.17328414559714,5.009277059783429,,,,,,,26715349.0,,,10.9,2.5,80940288.0,213085202.0,3278100.0,4.73,
203,Region 3: Central Luzon,2011,,99.21,74.59,,,5.2,,,80.32,75.21,,,82.1343553118068,5.734126455339521,,,,,,,9838677.0,,,22.8,6.7,216166904.0,1096258667.0,10372806.0,4.07,
204,Region 4A: CALABARZON,2011,,96.58,72.46,,,4.8,,,85.42,84.01,,,81.5785989437003,-0.3462034812161221,,,,,,,-65654452.0,,,26.4,6.9,217059209.0,1582459854.0,13003881.0,2.46,
205,MIMAROPA: Southwestern Tagalog Region,2011,,97.89,61.63,,,3.7,,,72.38,72.82,,,59.983526072844114,2.300266510700183,,,,,,,5318716.0,,,24.2,2.3,28886357.0,212158911.0,2793725.0,6.13,
206,Region 5: Bicol Region,2011,,99.11,60.8,,,,,,74.78,71.43,,,67.44114552552281,2.1163616986964517,,,,,,,8723895.0,,,26.4,4.0,59544473.0,266892594.0,5504085.0,5.7,
207,Region 6: Western Visayas,2011,,95.82,62.4,,,,,,74.61,75.46,,,64.41042711167411,5.012606125834736,,,,,,,21788503.0,,,21.9,4.6,93884238.0,477427428.0,7200096.0,5.64,
208,Region 7: Central Visayas,2011,,98.5,61.16,,,4.6,,,80.37,74.56,,,69.71545815712582,5.353704995510583,,,,,,,9876532.0,,,28.8,3.0,117435296.0,592227842.0,6930757.0,4.23,
209,Region 8: Eastern Visayas,2011,,96.58,58.48,,,3.6,,,66.11,67.78,,,66.3564825529945,1.186317969406076,,,,,,,22366355.0,,,18.4,4.5,78986608.0,272677861.0,4172100.0,7.97,
210,Region 9: Zamboanga Peninsula,2011,,97.27,50.83,,,3.8,,,59.93,70.01,,,48.78483819929952,-1.190605513344991,,,,,,,15780164.0,,,13.6,2.9,51040945.0,210255381.0,3460521.0,9.91,
211,Region 10: Northern Mindanao,2011,,94.84,55.55,,,3.7,,,63.84,64.97,,,66.19156915932352,4.141792672661012,,,,,,,8443267.0,,,18.0,3.6,75523122.0,436363852.0,4385050.0,8.74,
212,Region 11: Davao Region,2011,,100.53,56.52,,,4.4,,,61.62,68.63,,,54.57616755308824,2.0825574379776697,,,,,,,38166974.0,,,22.6,3.1,119476612.0,437559437.0,4561874.0,9.35,
213,Region 12: SOCCSKSARGEN,2011,,90.95,53.97,,,3.3,,,63.36,69.21,,,43.287409805834606,2.8838107506756927,,,,,,,-1487405.0,,,27.5,2.8,47361834.0,277035863.0,3771762.0,8.59,
214,CARAGA: Cordillera Administrative Region,2011,,95.55,56.92,,,3.8,,,66.0,69.53,,,76.98009870791573,5.613559563605548,,,,,,,6678630.0,,,27.0,2.1,45391556.0,156504793.0,2466625.0,8.05,
215,BARMM: Bangsamoro Autonomous Region in Muslim Mindanao,2011,,108.07,44.32,,,0.3,,,23.46,55.98,,,26.56109339407745,0.1593546046638323,,,,,,,-9178363.0,,,14.2,2.8,17333754.0,141744037.0,3793064.0,22.72,
216,PHILIPPINES,2012,,97.29,66.17,,,4.4,,,72.66,74.64,,,76.6945712437693,5.065050214902072,,,,,,,-42228645.0,,,9.2,100.0,2163531693.0,11060588831.0,95870083.0,6.24,
217,NCR: National Capital Region,2012,,99.22,81.02,,,5.2,,,80.03,76.68,,,99.252310111609,4.555136363206344,,,,,,,-53978335.0,,,10.3,41.7,758973608.0,3553088571.0,12275553.0,4.1,
218,CAR: Cordillera Administrative Region,2012,,100.0,70.43,,,3.5,,,78.23,78.43,,,74.58540324802692,-1.0107739804595042,,,,,,,268953.0,,,4.5,2.1,29548738.0,201836502.0,1662169.0,4.79,
219,Region 1: Ilocos Region,2012,,97.56,77.67,,,5.1,,,85.21,80.27,,,82.70334994848375,4.129049698372072,,,,,,,-424963.0,,,6.4,3.7,68070088.0,356651167.0,4863510.0,3.1,
220,Region 2: Cagayan Valley,2012,,98.4,71.31,,,4.2,,,82.02,77.6,,,74.48580844677399,5.620296771017408,,,,,,,20349948.0,,,2.9,2.3,79946525.0,234724620.0,3320398.0,3.93,
221,Region 3: Central Luzon,2012,,98.46,75.34,,,5.2,,,82.59,76.0,,,89.69698962886525,6.297385309930846,,,,,,,15729819.0,,,12.5,6.8,244530920.0,1206580595.0,10577379.0,3.71,
222,Region 4A: CALABARZON,2012,,97.29,73.74,,,4.7,,,84.81,82.32,,,94.35743601036552,5.153845507752749,,,,,,,-58510828.0,,,6.3,7.2,231742975.0,1721867470.0,13347384.0,3.26,
223,MIMAROPA: Southwestern Tagalog Region,2012,,96.78,63.5,,,3.7,,,74.17,76.63,,,62.52852047495061,3.830572640270319,,,,,,,512923.0,,,3.7,2.4,24934114.0,231318002.0,2835835.0,5.87,
224,Region 5: Bicol Region,2012,,98.6,61.52,,,,,,76.82,71.88,,,68.69581153431628,8.635029965104835,,,,,,,7479267.0,,,5.8,4.2,69740827.0,298247874.0,5576135.0,5.35,
225,Region 6: Western Visayas,2012,,96.5,63.15,,,,,,78.59,75.71,,,68.5783928030332,5.971523211840179,,,,,,,3128975.0,,,3.6,4.7,95477787.0,527279962.0,7283710.0,4.8,
226,Region 7: Central Visayas,2012,,99.79,64.02,,,4.4,,,80.86,74.36,,,71.68102051914411,7.512821173550833,,,,,,,-24630912.0,,,17.3,3.2,113821899.0,674544563.0,7044060.0,4.19,
227,Region 8: Eastern Visayas,2012,,96.13,60.03,,,3.6,,,74.04,70.66,,,69.19329851448832,-3.949956055608297,,,,,,,-10166759.0,,,3.8,4.4,63244342.0,265041353.0,4234716.0,5.84,
228,Region 9: Zamboanga Peninsula,2012,,95.03,51.63,,,3.3,,,55.49,64.56,,,50.77889078333517,9.794004471357413,,,,,,,26708235.0,,,9.3,2.8,66283144.0,236734323.0,3504953.0,11.5,
229,Region 10: Northern Mindanao,2012,,94.42,57.35,,,3.9,,,63.25,72.22,,,67.29184548908606,5.523041169915885,,,,,,,635725.0,,,9.0,3.5,70513455.0,472652726.0,4460443.0,8.85,
230,Region 11: Davao Region,2012,,98.92,57.49,,,4.2,,,64.52,72.22,,,54.84543843563957,5.236435966192062,,,,,,,29776593.0,,,12.0,3.2,128999339.0,454315711.0,4642716.0,8.58,
231,Region 12: SOCCSKSARGEN,2012,,90.23,55.11,,,3.6,,,66.0,71.76,,,43.49284981552763,5.970213505852399,,,,,,,-15461679.0,,,8.9,3.0,27822285.0,291093120.0,3841332.0,7.94,
232,CARAGA: Cordillera Administrative Region,2012,,95.49,58.9,,,3.7,,,72.38,69.78,,,81.41206497589926,8.967250040076664,,,,,,,23256019.0,,,1.7,2.2,68619229.0,180393968.0,2498771.0,6.47,
233,BARMM: Bangsamoro Autonomous Region in Muslim Mindanao,2012,,96.72,39.88,,,0.5,,,26.6,52.55,,,27.797789117536976,-0.2594037511477296,,,,,,,-6901624.0,,,26.4,2.7,21262421.0,154218301.0,3901019.0,23.81,
234,PHILIPPINES,2013,,97.2,67.89,,,4.5,51.8,57.0,77.67,76.25,,,79.85346601580922,4.948184649854653,,,,,,,-18218400.0,,,7.0,100.0,2487510204.0,12050591984.0,97516526.0,4.85,
235,NCR: National Capital Region,2013,,99.64,81.64,,,5.2,53.4,48.0,78.72,76.33,,,97.73778718196766,4.912505744314771,,,,,,,-25567519.0,,,5.4,42.1,957586594.0,3890702252.0,12469854.0,4.36,
236,CAR: Cordillera Administrative Region,2013,,99.66,71.87,,,3.4,59.8,53.0,82.61,76.34,,,78.06151842632018,5.453842621358064,,,,,,,-2783987.0,,,6.9,2.0,33081560.0,219989238.0,1682167.0,3.75,
237,Region 1: Ilocos Region,2013,,97.39,79.89,,,5.0,50.8,78.0,91.14,82.48,,,83.91745294919018,7.3823968611186785,,,,,,,-891655.0,,,14.3,3.6,75736595.0,393993447.0,4916323.0,1.92,
238,Region 2: Cagayan Valley,2013,,100.08,72.9,,,4.4,69.1,65.0,87.88,81.99,,,81.12292731168617,7.554133581939723,,,,,,,-3805473.0,,,8.7,2.2,62731146.0,268304482.0,3362667.0,2.42,
239,Region 3: Central Luzon,2013,,99.03,77.86,,,5.2,60.4,63.0,90.8,82.98,,,93.17833334099927,3.9672563080284102,,,,,,,14493604.0,,,6.8,7.0,274814176.0,1306617621.0,10783003.0,1.9,
240,Region 4A: CALABARZON,2013,,96.09,74.64,,,4.9,49.1,58.0,72.54,77.92,,,93.74427551418906,4.635088156621862,,,,,,,-11077119.0,,,11.5,7.0,290367514.0,1847878662.0,13691969.0,6.03,
241,MIMAROPA: Southwestern Tagalog Region,2013,,95.77,64.93,,,3.8,55.1,68.0,78.06,76.75,,,67.23157736473154,2.7225569310088247,,,,,,,-6946834.0,,,6.0,2.3,21427705.0,242953220.0,2877441.0,4.73,
242,Region 5: Bicol Region,2013,,98.53,64.78,,,,29.3,59.0,84.95,75.48,,,73.89640172620764,8.73662622526885,,,,,,,8305364.0,,,9.4,4.1,83011228.0,332295863.0,5647756.0,3.19,
243,Region 6: Western Visayas,2013,,97.71,65.21,,,,45.5,58.0,85.68,78.34,,,72.96941741747779,3.1729849963620467,,,,,,,4547658.0,,,4.0,4.4,101336678.0,566792962.0,7366225.0,2.91,
244,Region 7: Central Visayas,2013,,100.97,68.13,,,4.7,46.0,49.0,85.82,78.45,,,80.0535425930947,6.196494663133166,,,,,,,-15927072.0,,,15.7,3.5,126595075.0,746139449.0,7157605.0,2.88,
245,Region 8: Eastern Visayas,2013,,95.7,63.32,,,3.7,50.2,50.0,80.9,74.06,,,71.45574311877738,4.435973145879203,,,,,,,1207249.0,,,3.2,4.2,84580063.0,292195740.0,4299179.0,4.0,
246,Region 9: Zamboanga Peninsula,2013,,91.62,52.83,,,3.7,53.0,43.0,60.78,67.75,,,51.49723575931385,3.993512336170582,,,,,,,14734303.0,,,5.4,2.8,64719560.0,253224354.0,3547254.0,9.25,
247,Region 10: Northern Mindanao,2013,,94.0,56.67,,,4.1,53.0,62.0,72.12,69.11,,,62.42598500126233,4.177663836025729,,,,,,,-652105.0,,,10.0,3.5,70333157.0,509881162.0,4535025.0,6.15,
248,Region 11: Davao Region,2013,,100.65,60.04,,,4.5,55.1,54.0,75.51,71.89,,,74.78317271363537,4.368361314252226,,,,,,,7132362.0,,,6.1,3.3,120503064.0,495294298.0,4723542.0,5.28,
249,Region 12: SOCCSKSARGEN,2013,,90.52,56.88,,,3.9,60.5,58.0,73.6,73.9,,,45.97060052679032,7.0479526546707945,,,,,,,1452127.0,,,7.0,3.0,51909193.0,324370805.0,3910293.0,5.82,
250,CARAGA: Cordillera Administrative Region,2013,,96.86,61.25,,,3.8,57.5,87.0,80.73,73.4,,,87.86464499142903,8.030594099555714,,,,,,,-813155.0,,,4.8,2.0,50823123.0,194874139.0,2530627.0,4.07,
251,BARMM: Bangsamoro Autonomous Region in Muslim Mindanao,2013,,92.86,38.02,,,0.5,29.7,56.0,39.16,56.17,,,33.21606181122249,1.6059419700813038,,,,,,,-1626148.0,,,6.6,3.1,17953773.0,165084288.0,4015596.0,14.04,
252,PHILIPPINES,2014,,97.19,67.19,,,4.6,,,83.74,77.77,,,80.9,4.573826691397272,,,,,,,6863551.0,27.8,16.8,9.1,100.0,2763392839.0,13206828252.0,99170955.0,3.26,
253,NCR: National Capital Region,2014,,99.01,78.93,,,5.3,,,74.71,77.27,,,98.02709941895267,3.842172290162552,,,,,,,-9498709.0,3.6,24.7,6.7,41.5,1055722012.0,4215201150.0,12664407.0,4.25,
254,CAR: Cordillera Administrative Region,2014,,100.16,72.5,,,3.5,,,86.43,76.91,,,83.48266694743491,3.919263977685048,,,,,,,-5031597.0,11.4,2.1,7.5,2.0,24485878.0,237096008.0,1701488.0,2.84,
255,Region 1: Ilocos Region,2014,,97.84,79.24,,,5.1,,,94.54,83.57,,,86.43630961989454,5.465228303762302,,,,,,,2641538.0,12.4,4.0,14.5,3.9,88877912.0,430678687.0,4968877.0,1.13,
256,Region 2: Cagayan Valley,2014,,101.15,72.44,,,4.4,,,87.06,79.35,,,83.53402732595966,7.074621900477695,,,,,,,3196568.0,13.9,2.3,9.0,2.2,75028145.0,304061090.0,3405024.0,2.61,
257,Region 3: Central Luzon,2014,,99.56,77.54,,,5.4,,,88.93,79.23,,,92.29901297110476,5.702766972817528,,,,,,,-7236367.0,9.9,10.9,10.0,7.0,273085629.0,1461916690.0,10990233.0,2.28,
258,Region 4A: CALABARZON,2014,,97.09,74.23,,,5.1,,,92.29,82.27,,,92.03384195232992,3.1776546014259424,,,,,,,7465112.0,1.8,2.9,10.5,7.3,320280912.0,2006907506.0,14038573.0,1.55,
259,MIMAROPA: Southwestern Tagalog Region,2014,,95.58,65.57,,,3.9,,,86.88,77.44,,,69.35554095697299,8.496021495115528,,,,,,,580986.0,9.9,1.2,6.0,2.2,41529678.0,276139956.0,2918660.0,2.78,
260,Region 5: Bicol Region,2014,,98.25,64.73,,,,,,86.25,76.37,,,72.96247921806456,4.624104629178973,,,,,,,9615771.0,9.7,4.2,9.9,4.1,98493385.0,366663555.0,5719147.0,2.72,
261,Region 6: Western Visayas,2014,,98.47,65.11,,,,,,90.09,81.87,,,76.60615343592161,4.138347267000427,,,,,,,-7722981.0,7.6,6.4,13.6,4.3,77105459.0,615916323.0,7447870.0,1.97,
262,Region 7: Central Visayas,2014,,101.62,67.76,,,4.8,,,86.09,75.77,,,85.88038530829715,5.722350725832939,,,,,,,1646648.0,6.1,5.9,16.0,3.8,158426246.0,829547258.0,7271699.0,2.68,
263,Region 8: Eastern Visayas,2014,,95.99,62.3,,,3.8,,,85.37,69.16,,,75.0300659642322,-1.376379126439204,,,,,,,2233166.0,7.5,3.1,14.8,4.1,105230806.0,305697115.0,4365658.0,2.76,
264,Region 9: Zamboanga Peninsula,2014,,93.86,53.14,,,3.7,,,92.86,77.2,,,55.045772780033296,6.158580819239006,,,,,,,6208706.0,11.0,2.2,8.4,2.7,70096692.0,276633110.0,3587546.0,1.22,
265,Region 10: Northern Mindanao,2014,,94.31,57.55,,,4.0,,,82.57,76.94,,,67.13743995110931,6.803178171087708,,,,,,,-2773093.0,10.8,3.4,10.2,3.6,90824223.0,569991317.0,4609002.0,3.62,
266,Region 11: Davao Region,2014,,99.78,60.2,,,4.6,,,83.34,79.76,,,70.16317548649826,7.226857119365988,,,,,,,-1121475.0,13.5,3.7,9.0,3.2,116373706.0,555456044.0,4804572.0,3.48,
267,Region 12: SOCCSKSARGEN,2014,,92.95,57.87,,,3.8,,,93.31,84.46,,,51.87870686999992,4.275849757719001,,,,,,,3036139.0,10.4,3.9,4.8,3.0,56883662.0,352653227.0,3978834.0,1.14,
268,CARAGA: Cordillera Administrative Region,2014,,98.1,62.39,,,4.0,,,86.86,77.51,,,79.33990145943837,7.556260594447536,,,,,,,4461069.0,10.2,1.7,5.5,2.0,84487402.0,223865240.0,2562283.0,2.28,
269,BARMM: Bangsamoro Autonomous Region in Muslim Mindanao,2014,,81.54,30.41,,,0.6,,,35.33,48.73,,,32.146754415070774,3.2095735941620944,,,,,,,-837931.0,17.2,0.8,15.4,3.1,26461092.0,178403975.0,4137081.0,19.02,
270,PHILIPPINES,2015,23.5,96.9,73.57,,,4.7,,,84.02,74.03,,,89.62,4.59496997508937,7.406737855113032,5.045087494997125,,,,,-125424625.0,12.2,19.3,12.0,100.0,2975815372.0,13944157448.0,100833371.0,2.69,
271,NCR: National Capital Region,2015,4.1,99.85,84.1,,,5.5,,,82.29,74.23,,,98.0236435177892,4.685638782653996,5.88348589799268,4.57026787981758,,,,,-78887754.0,7.9,23.0,10.9,40.6,1072923782.0,4532443704.0,12859211.0,2.05,
272,CAR: Cordillera Administrative Region,2015,22.7,99.19,77.08,,,3.7,,,86.22,69.97,,,87.49111511717744,3.104854953785093,6.635383363697023,1.6583278660505352,,,,,-1869509.0,9.9,2.1,9.3,2.0,29049288.0,243673958.0,1720134.0,1.9,
273,Region 1: Ilocos Region,2015,18.8,96.78,84.02,,,5.1,,,91.5,76.44,,,93.6639317910117,4.289071541136906,7.453735627872171,3.572706524928737,,,,,20010380.0,9.5,4.0,15.6,4.0,113489548.0,449373363.0,5021171.0,1.13,
274,Region 2: Cagayan Valley,2015,17.8,102.42,77.58,,,4.5,,,89.0,73.68,,,92.29421791005636,2.846141682562987,8.900391133580342,7.312018294054079,,,,,-6693576.0,10.6,2.4,10.3,2.2,77480450.0,303113509.0,3447468.0,1.74,
275,Region 3: Central Luzon,2015,10.5,98.84,81.71,,,5.4,,,89.14,72.44,,,96.871580951058,4.082270509757507,6.519357420226868,5.508813250271971,,,,,14886473.0,10.9,10.7,12.0,7.0,351251636.0,1511232438.0,11199069.0,1.45,
276,Region 4A: CALABARZON,2015,12.5,96.36,80.25,,,5.0,,,88.46,81.56,,,95.3960473046388,4.289997384455432,6.307003995955918,4.059652826836557,,,,,-89593345.0,23.6,2.6,13.4,7.4,303867486.0,2076801161.0,14387196.0,1.76,
277,MIMAROPA: Southwestern Tagalog Region,2015,25.2,96.56,73.28,,,3.9,,,90.21,76.6,,,82.03390315792153,3.3209294559321165,9.53095177809158,9.318982872877823,,,,,-5855580.0,10.2,1.2,11.4,2.2,36665567.0,274605684.0,2959491.0,1.66,
278,Region 5: Bicol Region,2015,39.8,96.41,71.75,,,,,,85.44,69.45,,,87.98581598628581,9.244986189115592,8.240400919775848,5.213290147821392,,,,,-4034708.0,10.0,4.1,8.0,4.2,104978578.0,395256951.0,5790307.0,2.54,
279,Region 6: Western Visayas,2015,24.6,98.89,74.67,,,,,,88.94,74.79,,,91.4518837099042,6.424278176437184,9.042916791588684,1.9015355754320675,,,,,-15516499.0,11.2,6.2,14.6,4.5,95430431.0,667996261.0,7528646.0,1.76,
280,Region 7: Central Visayas,2015,29.4,102.14,75.94,,,5.0,,,88.49,75.3,,,94.60647737679116,4.417575128919964,6.546146706112088,6.114198811093874,,,,,17167841.0,9.7,5.6,15.7,4.0,158168742.0,889023020.0,7386344.0,1.85,
281,Region 8: Eastern Visayas,2015,41.3,95.03,69.55,,,3.8,,,87.94,70.14,,,85.59279411613763,4.71256944529415,9.02784582807865,6.861243206150647,,,,,16425053.0,13.8,3.0,15.6,4.3,131806587.0,324929357.0,4434152.0,2.01,
282,Region 9: Zamboanga Peninsula,2015,37.7,92.46,61.73,,,3.9,,,79.7,70.65,,,71.0872493494566,7.974192111432359,9.96018839775521,6.322664550259449,,,,,11937143.0,10.2,2.2,9.7,2.7,97615263.0,300939935.0,3625830.0,3.73,
283,Region 10: Northern Mindanao,2015,38.7,94.79,63.77,,,4.3,,,83.98,72.1,,,77.39253702260326,4.134850589379767,6.843058607312513,5.981041589722214,,,,,2077925.0,7.2,3.4,11.3,3.7,109130053.0,609017243.0,4682374.0,3.0,
284,Region 11: Davao Region,2015,23.5,101.34,68.37,,,4.7,,,88.84,73.44,,,86.91525818706664,6.197743999558142,10.438387513817094,9.47042586651059,,,,,5651865.0,6.1,3.7,14.9,3.2,127020224.0,602911849.0,4885808.0,1.9,
285,Region 12: SOCCSKSARGEN,2015,38.1,93.78,64.82,,,3.9,,,83.68,73.0,,,65.69149246403276,1.6905311859812144,7.068206509989827,6.130973574266085,,,,,-2483260.0,5.6,3.9,11.7,2.9,57452641.0,354753546.0,4046956.0,3.15,
286,CARAGA: Cordillera Administrative Region,2015,39.7,98.85,70.16,,,4.2,,,84.24,70.56,,,92.5365566037736,5.351013984484609,5.6034334242448525,5.195769997162314,,,,,-2583334.0,10.6,1.7,9.2,1.9,90681727.0,235177755.0,2593738.0,2.84,
287,BARMM: Bangsamoro Autonomous Region in Muslim Mindanao,2015,59.4,76.51,33.49,,,0.8,,,37.15,63.99,,,38.51442063770831,-2.003764526910828,2.8766874106698204,1.5507239344027424,,,,,-6063739.0,2.8,0.9,14.2,3.3,18803370.0,172907713.0,4265476.0,17.17,
288,PHILIPPINES,2016,,96.15,74.19,37.38,,4.6,,,93.06,80.91,,6518.0,90.65,5.376185225284118,,,1.4121254399999998,0.647,12.110578624076757,12417.0,-58265758.0,16.7,19.7,10.0,100.0,3725365802.0,15132381470.0,102530196.0,,
289,NCR: National Capital Region,2016,,95.92,83.37,55.32,52.9,5.2,,,85.97,80.29,,610.0,98.2594430821432,5.511499901063274,,,,,17.739571458483585,2318.0,-61168427.0,7.2,22.5,9.0,40.2,1268840988.0,4928222539.0,13066832.0,,
290,CAR: Cordillera Administrative Region,2016,,97.24,78.72,40.16,94.0,3.6,,,93.51,79.78,,201.0,90.3,1.624092370534342,,,,,10.348514988099208,180.0,2845014.0,11.0,2.1,10.2,1.9,32105379.0,255584787.0,1739380.0,,
291,Region 1: Ilocos Region,2016,,94.84,84.85,51.11,44.8,5.0,,,97.41,86.57,,474.0,93.90044671238763,6.91962854897082,,,,,11.031909008814496,560.0,161771.0,10.2,4.0,10.5,4.2,131580148.0,490900560.0,5076184.0,,
292,Region 2: Cagayan Valley,2016,,100.26,78.97,43.41,100.0,4.4,,,95.01,81.46,,270.0,93.09517750349916,3.468013471900917,,,,,9.188066847909155,321.0,833107.0,5.0,2.4,10.1,2.2,95196604.0,323458416.0,3493662.0,,
293,Region 3: Central Luzon,2016,,98.53,82.78,47.96,59.0,5.3,,,98.05,84.85,,280.0,97.37316403387626,5.682582243287797,,,,,9.704967247047025,1110.0,8706663.0,7.6,10.8,10.9,7.0,421665953.0,1640708336.0,11437442.0,,
294,Region 4A: CALABARZON,2016,,97.2,81.41,45.61,99.8,4.9,,,99.53,88.85,,833.0,96.670557699125,4.283137611591158,,,,,11.043512933323909,1628.0,-7623979.0,4.3,2.9,11.0,7.5,517220942.0,2206254090.0,14741686.0,,
295,MIMAROPA: Southwestern Tagalog Region,2016,,94.98,73.48,35.09,82.0,4.2,,,92.05,78.7,,139.0,84.14145512837325,3.334895580526293,,,,,7.2843871302508285,219.0,-10614285.0,22.6,1.2,10.8,2.2,36490353.0,287300274.0,3006430.0,,
296,Region 5: Bicol Region,2016,,95.77,72.78,28.35,91.0,,,,94.59,76.15,,467.0,89.96431162635442,5.786055000458632,,,,,8.064076160340429,473.0,8943283.0,5.7,4.1,10.1,4.0,134334431.0,431762419.0,5865520.0,,
297,Region 6: Western Visayas,2016,,99.09,74.2,32.54,25.1,,,,94.76,81.92,,357.0,94.94571758871248,4.808519586035402,,,,,7.121843574618853,542.0,3271575.0,9.1,6.3,10.4,4.6,119446427.0,720566797.0,7610389.0,,
298,Region 7: Central Visayas,2016,,101.55,76.58,35.9,100.0,4.9,,,94.93,78.33,,441.0,97.0226648519686,5.625069563063008,,,,,10.490490330576916,788.0,3895526.0,11.8,5.6,11.3,4.1,216329082.0,977480106.0,7511565.0,,
299,Region 8: Eastern Visayas,2016,,94.0,70.89,28.15,100.0,3.7,,,94.25,75.31,,708.0,89.35298797260126,12.694223943211083,,,,,10.364791736636423,466.0,-6192257.0,4.1,3.1,10.5,4.4,164434444.0,376587299.0,4495990.0,,
300,Region 9: Zamboanga Peninsula,2016,,91.24,62.18,23.92,100.0,4.0,,,85.75,72.42,,356.0,74.1379520830154,4.087313565651371,,,,,15.90021440701489,582.0,-6384262.0,4.1,2.2,11.2,2.7,97392497.0,322282583.0,3660328.0,,
301,Region 10: Northern Mindanao,2016,,96.57,65.08,28.97,100.0,4.5,,,91.92,79.79,,585.0,81.67300621702528,6.236030535286744,,,,,16.149133887043956,768.0,7337077.0,9.6,3.3,10.4,3.6,144180307.0,679435851.0,4755673.0,,
302,Region 11: Davao Region,2016,,100.06,70.57,30.11,100.0,4.7,,,92.22,78.87,,294.0,73.09342361294937,7.452082722023888,,,,,16.18579032556791,804.0,12028030.0,6.9,3.6,12.1,3.3,152803010.0,674076172.0,4967320.0,,
303,Region 12: SOCCSKSARGEN,2016,,93.3,65.0,26.9,100.0,4.0,,,86.06,74.41,,216.0,70.60136144568145,2.622671086418208,,,,,14.08736590493906,651.0,-10154873.0,6.1,3.7,10.9,2.8,65126975.0,381711706.0,4120287.0,,
304,CARAGA: Cordillera Administrative Region,2016,,97.85,71.07,28.04,74.4,4.1,,,92.26,77.2,,67.0,96.10087214085895,4.814408537262224,,,,,16.137067643618952,424.0,-1508303.0,8.6,1.7,11.4,1.9,100128554.0,251476878.0,2627491.0,,
305,BARMM: Bangsamoro Autonomous Region in Muslim Mindanao,2016,,77.29,32.03,6.02,12.5,0.8,,,65.47,78.67,,220.0,40.91513276537529,1.3506760719276656,,,,,15.130509075450632,583.0,-2641420.0,6.4,0.8,9.9,3.3,28089708.0,184572658.0,4354017.0,,
306,PHILIPPINES,2017,,94.19,75.99,46.12,,4.5,56.9,47.0,92.41,84.32,,11159.0,91.09,5.248499883550579,,,,,8.648427179503965,9009.0,-15471546.0,4.9,21.2,17.3,100.0,4231677010.0,16556651083.0,104169230.0,,
307,NCR: National Capital Region,2017,,92.83,84.76,62.74,,4.9,59.5,27.0,94.65,90.62,,1028.0,103.02319361347078,4.014293029797472,,,,,11.632285585803938,1543.0,-3527878.0,11.2,22.3,17.3,39.8,1391592148.0,5327124065.0,13264805.0,,
308,CAR: Cordillera Administrative Region,2017,,94.37,79.77,49.55,,3.6,66.7,25.0,91.64,81.23,,302.0,92.45177212344112,8.263995581124206,,,,,3.413518786016179,60.0,-1400306.0,10.4,2.1,17.1,1.9,35881923.0,280805810.0,1757717.0,,
309,Region 1: Ilocos Region,2017,,92.5,85.56,60.39,,4.9,59.5,46.0,95.45,87.82,,455.0,99.15406784650264,4.49728745087539,,,,,6.278587559583212,322.0,1990840.0,9.8,4.1,17.1,4.2,163128777.0,527801491.0,5128542.0,,
310,Region 2: Cagayan Valley,2017,,98.45,80.89,51.49,,4.3,74.1,51.0,93.59,83.81,,612.0,94.77038215768664,6.478262651813864,,,,,7.40593543324581,262.0,-1813875.0,11.7,2.3,18.3,2.2,113995195.0,358686602.0,3537703.0,,
311,Region 3: Central Luzon,2017,,97.91,82.84,55.99,,5.2,56.8,61.0,96.02,85.96,,262.0,107.08248167389944,8.215194066385024,,,,,6.153771259008462,718.0,-2730350.0,13.0,10.7,17.9,7.1,513606387.0,1860323671.0,11667642.0,,
312,Region 4A: CALABARZON,2017,,96.31,82.51,53.9,,4.9,49.2,37.0,98.44,90.72,,1067.0,104.9251415142272,5.252561050280164,,,,,9.08832680323905,1371.0,4054462.0,46.1,2.8,18.3,7.5,630500072.0,2423069480.0,15085285.0,,
313,MIMAROPA: Southwestern Tagalog Region,2017,,92.33,75.71,43.27,,3.9,61.7,47.0,93.17,83.89,,523.0,82.91951578219575,4.76664998852678,,,,,5.309139388505123,162.0,-5470926.0,-63.0,1.4,17.4,2.2,55532730.0,321948705.0,3051342.0,,
314,Region 5: Bicol Region,2017,,93.56,75.88,39.63,,,44.4,36.0,93.22,83.19,,940.0,78.75184660573929,4.244207116787209,,,,,6.972841791777807,414.0,2236237.0,11.8,4.0,12.9,4.0,142545107.0,465966050.0,5937321.0,,
315,Region 6: Western Visayas,2017,,97.16,76.41,44.17,,,56.8,38.0,94.12,84.7,,997.0,86.05733186457009,7.1720186028756245,,,,,6.229894284286593,479.0,-2277977.0,11.7,6.3,23.4,4.6,132134843.0,791281769.0,7688734.0,,
316,Region 7: Central Visayas,2017,,98.41,78.51,47.21,,4.7,51.2,47.0,92.16,83.88,,965.0,95.85921885556762,5.425207785712701,,,,,8.150959972103275,622.0,-1260411.0,13.7,5.7,19.7,4.2,220634348.0,1067272679.0,7631003.0,,
317,Region 8: Eastern Visayas,2017,,92.64,74.21,38.02,,3.7,54.6,50.0,93.32,79.29,,1307.0,84.31119175829916,1.649893897671717,,,,,8.096341638409923,369.0,-7210397.0,7.2,3.0,8.2,4.4,146448787.0,397386688.0,4557614.0,,
318,Region 9: Zamboanga Peninsula,2017,,90.3,65.44,30.4,,3.9,56.8,54.0,89.73,78.16,,690.0,63.2422402370314,2.201575393775073,,,,,9.774744929249527,361.0,1193982.0,12.9,2.1,19.8,2.7,103191607.0,344667607.0,3693191.0,,
319,Region 10: Northern Mindanao,2017,,96.43,68.09,37.31,,4.3,63.0,81.0,90.07,79.03,,607.0,88.96847244635062,4.425701551381508,,,,,9.138650107405043,441.0,2757062.0,5.5,3.3,15.8,3.6,148099836.0,737898187.0,4825658.0,,
320,Region 11: Davao Region,2017,,96.88,74.27,38.26,,4.7,64.7,87.0,92.11,80.17,,356.0,68.2475258203881,7.052769635041884,,,,,14.658054333445778,740.0,1444163.0,12.2,3.6,22.8,3.4,200147009.0,748538551.0,5048419.0,,
321,Region 12: SOCCSKSARGEN,2017,,91.86,68.08,35.84,,3.9,66.6,91.0,91.08,79.86,,596.0,64.05366048654206,6.045531295217543,,,,,7.785532820807028,366.0,218198.0,14.9,3.6,13.3,2.9,84449083.0,420127877.0,4190004.0,,
322,CARAGA: Cordillera Administrative Region,2017,,95.89,74.54,38.11,,4.0,64.5,61.0,90.94,82.42,,107.0,107.16947163516954,4.750191961652888,,,,,12.59286770045966,335.0,-5406063.0,-1.0,1.7,18.1,1.9,115687853.0,273088164.0,2660236.0,,
323,BARMM: Bangsamoro Autonomous Region in Muslim Mindanao,2017,,72.63,30.37,8.7,,0.8,42.5,47.0,54.17,62.13,,345.0,27.27177478501253,7.882984625553462,,,,,11.289118129179547,444.0,1731693.0,48.5,0.8,17.5,3.3,34101305.0,210663685.0,4444014.0,,
324,PHILIPPINES,2018,16.7,94.05,81.41,51.24,,4.5,,,97.15,88.84,81.01,10118.0,96.12,4.746743081880211,9.26101763366185,6.522713732982965,,,6.502754758679433,6877.0,-26943785.0,2.5,20.0,10.6,100.0,4959105466.0,18265190258.0,105755180.0,,100.0
325,NCR: National Capital Region,2018,2.2,92.11,88.74,68.63,76.5,4.9,,,99.04,92.8,82.64,1280.0,107.61481972474664,4.087414314331639,7.0857819830576485,3.844880407956453,,,5.448314928360605,733.0,-8952050.0,13.7,22.3,11.3,39.8,1640251453.0,5814440130.0,13453701.0,,
326,CAR: Cordillera Administrative Region,2018,12.0,92.24,83.64,53.64,97.5,3.8,,,97.52,87.01,81.07,166.0,95.6221692882457,4.611165931726461,9.647947866217322,10.50268590274419,,,3.999526816545648,71.0,-12287003.0,14.9,2.1,7.6,1.9,32266092.0,308267122.0,1775210.0,,100.0
327,Region 1: Ilocos Region,2018,9.9,90.48,87.81,64.06,100.0,4.9,,,98.1,90.89,83.26,475.0,102.2016639039135,4.914166629235339,11.312069049301332,9.985571854831532,,,4.441517763174411,230.0,-344781.0,7.7,4.0,8.0,4.2,193759545.0,587597251.0,5178410.0,,100.0
328,Region 2: Cagayan Valley,2018,16.3,96.86,84.76,56.21,100.0,4.5,,,97.56,88.52,82.32,447.0,97.91379696163504,3.3377751226958026,4.499523261582428,5.014911273648059,,,5.838453619911082,209.0,-1033799.0,13.7,2.3,8.6,2.2,134311405.0,385061271.0,3579715.0,,100.0
329,Region 3: Central Luzon,2018,7.0,98.77,85.01,60.19,99.3,5.2,,,99.13,90.41,81.76,354.0,109.12455514350349,4.902421012749386,8.215452435312521,5.008588120050272,,,3.72572162518164,443.0,5584131.0,11.4,10.9,10.3,7.1,590017254.0,2062393875.0,11890314.0,,100.0
330,Region 4A: CALABARZON,2018,7.1,97.36,86.38,58.33,100.0,4.9,,,99.8,93.22,81.66,1440.0,110.43349139695702,4.777452263847295,9.511903003591703,7.614648279746583,,,6.336361296856646,977.0,8412077.0,-4.1,3.7,10.5,7.6,712401187.0,2706994745.0,15418944.0,,100.0
331,MIMAROPA: Southwestern Tagalog Region,2018,15.1,90.99,79.74,48.14,100.0,4.1,,,94.8,83.17,70.69,709.0,87.27023970656307,7.0526861230534905,10.132831197978852,5.518178024502451,,,5.203019561091367,161.0,813229.0,163.8,0.5,4.9,2.2,78995250.0,370744808.0,3094357.0,,100.0
332,Region 5: Bicol Region,2018,27.0,93.12,82.97,45.8,93.3,,,,96.43,86.43,78.34,543.0,82.38545700871656,5.667793644779678,8.730943429022119,9.110867775072617,,,6.793264478269795,408.0,-487965.0,13.7,4.0,14.4,3.9,181534196.0,522014835.0,6005949.0,,100.0
333,Region 6: Western Visayas,2018,16.3,97.38,84.54,49.74,20.2,,,,97.03,88.53,79.46,598.0,92.01106582230256,3.77787499738966,8.430301805565277,7.77713253669563,,,5.757417214909315,447.0,-3692731.0,3.3,6.4,9.0,4.8,155804331.0,860107768.0,7763898.0,,100.0
334,Region 7: Central Visayas,2018,17.7,98.17,87.64,53.28,87.5,4.7,,,98.59,92.29,86.49,667.0,99.10749387340007,5.513396661881046,14.0630130453411,10.424737109032268,,,9.167184526515564,710.0,-2452424.0,11.7,5.9,9.7,4.3,257710115.0,1180945761.0,7745017.0,,100.0
335,Region 8: Eastern Visayas,2018,30.7,91.53,79.27,43.2,59.5,3.8,,,94.13,82.62,75.54,500.0,89.16009830482,5.587705099640729,9.328772062969982,6.4311695122207135,,,6.819387757532014,315.0,-9594820.0,16.2,2.9,8.5,4.1,181598780.0,444384029.0,4619183.0,,100.0
336,Region 9: Zamboanga Peninsula,2018,32.7,91.24,73.88,36.04,45.3,4.2,,,97.02,82.52,75.14,426.0,68.90852194454837,5.447041970100486,6.985012062105822,5.659603426742188,,,9.101770683706755,339.0,-1414695.0,17.5,2.1,7.6,2.7,111476636.0,379428020.0,3724550.0,,100.0
337,Region 10: Northern Mindanao,2018,23.1,97.73,75.27,41.87,85.7,4.4,,,94.78,86.28,78.32,658.0,92.36390971964536,5.671174885653556,12.69661390560628,5.642720391588263,,,7.460380270911957,365.0,1532626.0,18.0,3.2,20.3,3.6,172667000.0,821122015.0,4892512.0,,100.0
338,Region 11: Davao Region,2018,19.1,95.61,82.25,45.74,100.0,4.6,,,96.65,84.85,78.53,714.0,83.68633865580261,5.490501473560471,6.7630974960369405,4.445816235369016,,,10.58615315570691,543.0,-205906.0,15.5,3.6,10.6,3.5,240582476.0,841429225.0,5129342.0,,100.0
339,Region 12: SOCCSKSARGEN,2018,28.2,92.04,74.49,41.5,100.0,3.8,,,94.71,81.79,74.83,493.0,70.42724711615335,5.236694968480293,12.28818368025475,8.80223757797538,,,5.609723576684398,268.0,-1259801.0,0.0,3.7,6.5,2.8,100721169.0,454304549.0,4256317.0,,100.0
340,CARAGA: Cordillera Administrative Region,2018,30.5,94.74,80.7,44.36,76.9,4.0,,,95.36,85.41,78.16,165.0,115.32059518959218,3.918379024844711,8.021146423066238,6.103810701747436,,,10.623787179540518,286.0,-1475698.0,18.9,1.5,12.4,1.9,132342879.0,290561794.0,2692072.0,,100.0
341,BARMM: Bangsamoro Autonomous Region in Muslim Mindanao,2018,61.8,73.24,35.76,11.04,53.7,0.9,,,76.72,93.81,68.08,483.0,34.8264384213029,5.547680020299239,5.923816866112208,6.2167612079545576,,,9.26620845431921,372.0,-84176.0,14.0,1.0,9.8,3.3,42665699.0,235393060.0,4535689.0,,100.0
342,PHILIPPINES,2019,,93.96,82.89,47.76,,4.7,,,96.56,85.75,76.71,10855.0,92.96,4.602267657508463,,,3.1435591133,1.42,5.660457375767967,6073.0,-148526300.0,41.8,18.6,12.6,100.0,5153068851.0,19517863172.0,107288150.0,,94.4
343,NCR: National Capital Region,2019,,89.91,89.68,62.28,,5.0,,,94.97,87.31,76.28,1409.0,100.0,5.634448060763347,,,0.0001079646999999,4.8931494357895e-05,4.620971420612041,630.0,-170725161.0,-15.1,23.0,13.7,40.0,1598461505.0,6294194685.0,13633497.0,,
344,CAR: Cordillera Administrative Region,2019,,91.4,84.76,50.53,,4.1,,,95.81,81.69,76.25,260.0,93.3197097107464,3.3937995673509533,,,0.0,0.0,4.799425854730308,86.0,-21374032.0,10.4,2.2,9.2,1.9,23666821.0,322106088.0,1791881.0,,85.5
345,Region 1: Ilocos Region,2019,,89.99,89.85,61.54,,4.9,,,98.97,89.12,80.57,501.0,98.68733767558822,6.305167849348138,,,0.0120826579,0.0054760723353302,3.540127827318305,185.0,3195818.0,26.1,3.9,9.6,4.1,228616710.0,630300658.0,5225800.0,,89.8
346,Region 2: Cagayan Valley,2019,,97.17,88.81,56.46,,4.7,,,97.51,87.7,80.76,686.0,95.53569208583008,5.689419284241978,,,0.2808040993,0.1272653395097817,4.613656035090307,167.0,4908941.0,23.6,2.4,10.9,2.2,146410694.0,399370781.0,3619689.0,,88.8
347,Region 3: Central Luzon,2019,,100.03,87.69,58.03,,5.3,,,98.67,89.7,77.12,839.0,99.42919661273972,4.003512626426513,,,0.3646988666,0.1652879184897341,3.5025419037009144,424.0,-34811984.0,12.3,11.0,11.2,7.1,610978504.0,2184815143.0,12105494.0,,88.6
348,Region 4A: CALABARZON,2019,,98.23,87.85,54.79,,5.1,,,99.45,90.12,79.68,817.0,99.01244009470896,2.4520458212251413,,,0.0006101422999999,0.0002765271844404,5.265941813058049,829.0,98541144.0,-18.8,3.2,12.2,7.6,766853055.0,2865792547.0,15742673.0,,100.2
349,MIMAROPA: Southwestern Tagalog Region,2019,,90.26,81.12,46.0,,4.3,,,96.65,85.19,72.04,413.0,90.25045849519825,2.957077423179186,,,0.6357962823999999,0.2881540189064223,4.114172431026218,129.0,14079039.0,-11.5,1.1,11.6,2.1,88406153.0,375589553.0,3135503.0,,87.2
350,Region 5: Bicol Region,2019,,92.68,82.27,42.31,,,,,95.6,82.52,72.83,571.0,91.5266178403694,7.05668240078532,,,0.3967129266,0.1797972515982716,4.941201350990332,300.0,-1902098.0,16.8,4.1,11.0,4.0,202053823.0,560835429.0,6071398.0,,91.1
351,Region 6: Western Visayas,2019,,97.25,85.68,44.22,,,,,96.7,85.19,77.24,317.0,90.91694982689992,5.279093236831315,,,0.0331462146,0.0150224454167471,5.462051947432089,428.0,3767878.0,23.9,6.0,10.1,4.8,176527730.0,919163055.0,7835883.0,,99.3
352,Region 7: Central Visayas,2019,,98.07,88.52,47.81,,4.8,,,96.3,83.76,77.4,769.0,96.8050458229654,4.727351325261139,,,0.5452987105,0.247138933153134,7.830797725274223,615.0,1950007.0,7.3,5.9,12.7,4.2,303559170.0,1270612311.0,7853606.0,,91.2
353,Region 8: Eastern Visayas,2019,,91.6,80.05,42.08,,3.9,,,95.48,81.77,73.49,429.0,94.00859913602925,4.217210446058076,,,0.1017401606,0.0461104240031253,6.772489847140418,317.0,7516530.0,3.0,3.0,11.6,4.0,196623541.0,455533643.0,4680701.0,,94.2
354,Region 9: Zamboanga Peninsula,2019,,91.7,74.24,34.43,,4.5,,,94.94,77.27,68.39,557.0,72.35588743510853,3.767957904440067,,,0.2789008849,0.1264027693856999,7.671025922474161,288.0,-3490358.0,21.6,2.2,14.6,2.7,110388664.0,399109397.0,3754387.0,,94.2
355,Region 10: Northern Mindanao,2019,,99.23,76.75,38.05,,4.4,,,94.44,82.2,73.29,905.0,92.50294123569292,4.2811620531823,,,0.0012422059999999,0.0005629895315815,7.203013401841994,357.0,10024531.0,11.8,3.4,15.1,3.9,192933853.0,885223985.0,4956259.0,,97.5
356,Region 11: Davao Region,2019,,93.87,85.44,41.53,,4.8,,,95.29,81.51,72.25,910.0,86.02051363060008,5.4069549220390485,,,0.027728627,0.0125670997613356,8.867424517968148,462.0,-28611108.0,17.2,3.8,14.0,3.5,266581670.0,922613763.0,5210081.0,,95.6
357,Region 12: SOCCSKSARGEN,2019,,92.24,75.89,37.45,,3.9,,,96.01,82.51,73.02,338.0,81.76228728061827,1.944145654066048,,,0.2099779081999999,0.0951656683190977,5.2573753244367545,255.0,-8912174.0,18.8,3.4,12.1,2.7,87197719.0,474892618.0,4319226.0,,96.4
358,CARAGA: Cordillera Administrative Region,2019,,94.84,82.2,40.77,,3.4,,,95.0,83.69,73.02,1034.0,100.0,4.2053773631326266,,,0.2547114617,0.1154396988188244,8.373080985320668,228.0,-24356137.0,17.0,1.6,11.6,1.9,105200111.0,302930146.0,2723012.0,,94.1
359,BARMM: Bangsamoro Autonomous Region in Muslim Mindanao,2019,,71.51,36.48,10.59,,1.0,,,74.98,86.59,66.24,100.0,35.80486310919832,3.712420007435256,,,0.0,0.0,9.102096483686871,373.0,1672864.0,70.4,1.1,13.4,3.3,48609129.0,254779370.0,4629060.0,,98.6
360,PHILIPPINES,2020,,89.1064,81.4869,49.48,,4.6,,,82.51,82.11168396598917,69.31776164979968,4023.0,94.49,-10.806601909378458,,,3.1435591133,1.42,4.753062410982358,5170.0,-699712362.0,,23.4,,100.0,3118277451.0,17938582424.0,108771978.0,,95.1
361,NCR: National Capital Region,2020,,81.1478,85.1646,56.4435,82.4,4.8,,,69.36,73.64527371864305,56.25539729251835,782.0,100.0,-11.200475647115397,,,0.0001079646999999,4.8931494357895e-05,4.766507763757387,658.0,-245064614.0,,17.3,,40.4,974094418.0,5797058343.0,13804656.0,,
362,CAR: Cordillera Administrative Region,2020,,87.5276,84.9372,52.8763,79.5,3.8,,,94.56,87.86047461554662,81.1514538910687,92.0,94.3,-10.6822300602702,,,0.0,0.0,3.595653794963651,65.0,-16606356.0,,2.1,,1.8,23904356.0,296523327.0,1807738.0,,64.4
363,Region 1: Ilocos Region,2020,,86.2185,90.1031,65.6379,74.4,4.9,,,97.32,91.96226052393231,84.45021844490022,375.0,99.02,-8.477175571996838,,,0.0120826579,0.0054760723353302,2.921753727654987,154.0,-2544587.0,,4.4,,4.0,183511880.0,597981618.0,5270807.0,,79.4
364,Region 2: Cagayan Valley,2020,,93.6348,93.4367,61.4433,49.0,4.3,,,98.56,95.80683587831814,90.35610770565052,215.0,99.63,-10.815141416595267,,,0.2808040993,0.1272653395097817,3.198695588342641,117.0,-5842024.0,,2.6,,2.1,103694574.0,367095722.0,3657741.0,,76.1
365,Region 3: Central Luzon,2020,,95.4067,86.0948,60.0165,100.0,5.2,,,86.62,84.01234849712648,72.07268501608172,277.0,99.74,-15.362292689036266,,,0.3646988666,0.1652879184897341,2.444428238489788,301.0,-160621025.0,,11.0,,7.0,285483239.0,1862908072.0,12313718.0,,79.1
366,Region 4A: CALABARZON,2020,,91.9912,84.4897,54.7999,100.0,5.1,,,78.03,81.49789878312576,64.19993874135481,177.0,99.17,-12.21894889067751,,,0.0006101422999999,0.0002765271844404,3.9919540640054096,641.0,-139794689.0,,2.3,,7.6,311327450.0,2565124332.0,16057299.0,,102.9
367,MIMAROPA: Southwestern Tagalog Region,2020,,86.2074,80.7633,50.2024,100.0,4.2,,,90.55,84.39369684032266,72.90367006636758,162.0,91.01,-8.745932208811723,,,0.6357962823999999,0.2881540189064223,3.779695413245124,120.0,-2663496.0,,0.9,,2.1,57697156.0,341983262.0,3174859.0,,68.0
368,Region 5: Bicol Region,2020,,87.2573,75.087,43.518,57.5,,,,77.47,67.84886625240013,51.05055270405532,292.0,93.65,-9.336294580959333,,,0.3967129266,0.1797972515982716,4.499631225875619,276.0,-21815302.0,,4.3,,3.9,136305863.0,515793741.0,6133836.0,,79.6
369,Region 6: Western Visayas,2020,,93.9281,87.906,48.2144,99.3,,,,93.46,93.50669345700295,85.19694765122162,111.0,92.98,-10.468294980402163,,,0.0331462146,0.0150224454167471,5.46496546002675,432.0,-12138919.0,,6.6,,4.7,116283240.0,850746746.0,7904899.0,,97.6
370,Region 7: Central Visayas,2020,,92.9937,85.4465,49.7072,94.1,4.9,,,82.69,79.18644440770781,67.31807950980419,267.0,97.67,-11.080145311942118,,,0.5452987105,0.247138933153134,5.8690121937211375,467.0,-31868725.0,,5.7,,4.2,172020376.0,1164719190.0,7957046.0,,82.0
371,Region 8: Eastern Visayas,2020,,89.0772,81.609,48.2067,81.9,4.0,,,95.23336964130102,89.4398617982444,82.50550388063633,227.0,96.86,-8.845496386015327,,,0.1017401606,0.0461104240031253,6.136215119254495,291.0,-1195210.0,,2.8,,4.0,120603463.0,413291591.0,4742337.0,,76.6
372,Region 9: Zamboanga Peninsula,2020,,89.1941,74.8405,38.4532,94.6,4.5,,,84.45786746776032,87.12404365636907,77.00337843536857,148.0,78.3,-5.959314029976284,,,0.2789008849,0.1264027693856999,5.895164933761346,223.0,-966383.0,,2.4,,2.7,97015602.0,394567642.0,3782761.0,,84.6
373,Region 10: Northern Mindanao,2020,,97.0819,76.5254,41.2193,86.7,4.4,,,82.90732492745173,83.11686557286312,74.57098728626106,224.0,94.81,-6.32274577538287,,,0.0012422059999999,0.0005629895315815,5.042803033096535,253.0,-1199474.0,,3.4,,4.0,151646358.0,861506489.0,5017051.0,,93.0
374,Region 11: Davao Region,2020,,86.266,81.6703,43.2965,88.9,4.8,,,73.48702482127726,74.90926268733105,58.74642177444313,332.0,88.4,-9.046379023361382,,,0.027728627,0.0125670997613356,6.860876729323671,363.0,-2039156.0,,3.9,,3.6,223994450.0,889457659.0,5290869.0,,96.4
375,Region 12: SOCCSKSARGEN,2020,,88.7282,77.2258,40.54,100.0,4.1,,,87.07055042287614,82.58061375099453,73.87811305362611,144.0,85.91,-5.555508858458907,,,0.2099779081999999,0.0951656683190977,3.800862450243256,187.0,-8700862.0,,3.6,,2.7,76488209.0,467905541.0,4378871.0,,89.1
376,CARAGA: Cordillera Administrative Region,2020,,92.0358,84.3796,46.1723,100.0,4.5,,,93.41611935808768,90.06976318070897,82.41924267798913,64.0,100.0,-8.23756351080685,,,0.2547114617,0.1154396988188244,8.027288421925903,221.0,-25602975.0,,1.7,,1.9,63204052.0,291665099.0,2753109.0,,89.3
377,BARMM: Bangsamoro Autonomous Region in Muslim Mindanao,2020,,69.1673,37.1877,12.7783,60.9,1.2,,,63.98043974848213,72.76109863685919,56.88636333310178,134.0,43.1,-3.881251524882487,,,0.0,0.0,9.585697088147295,401.0,-21048563.0,,1.6,,3.3,21002765.0,260254050.0,4724381.0,,98.7
378,PHILIPPINES,2021,,,,,,,,,,,,7746.0,,4.2,,,,,4.3966054249628135,4845.0,,,,,,,,,,
379,NCR: National Capital Region,2021,,,,,100.0,,,,,,,1985.0,,,,,,,3.551425464135866,496.0,,,,,,,,,,
380,CAR: Cordillera Administrative Region,2021,,,,,61.5,,,,,,,199.0,,,,,,,2.6882915029689163,49.0,,,,,,,,,,
381,Region 1: Ilocos Region,2021,,,,,76.7,,,,,,,327.0,,,,,,,2.7855032623324862,148.0,,,,,,,,,,
382,Region 2: Cagayan Valley,2021,,,,,55.1,,,,,,,240.0,,,,,,,2.761485614284353,102.0,,,,,,,,,,
383,Region 3: Central Luzon,2021,,,,,100.0,,,,,,,471.0,,,,,,,2.517211533751372,315.0,,,,,,,,,,
384,Region 4A: CALABARZON,2021,,,,,74.8,,,,,,,647.0,,,,,,,4.1317497648539305,676.0,,,,,,,,,,
385,MIMAROPA: Southwestern Tagalog Region,2021,,,,,100.0,,,,,,,255.0,,,,,,,3.3621701687716032,108.0,,,,,,,,,,
386,Region 5: Bicol Region,2021,,,,,56.7,,,,,,,339.0,,,,,,,3.665473692233265,227.0,,,,,,,,,,
387,Region 6: Western Visayas,2021,,,,,100.0,,,,,,,426.0,,,,,,,4.8428270517308025,386.0,,,,,,,,,,
388,Region 7: Central Visayas,2021,,,,,100.0,,,,,,,532.0,,,,,,,5.052905283973277,407.0,,,,,,,,,,
389,Region 8: Eastern Visayas,2021,,,,,83.9,,,,,,,416.0,,,,,,,5.474870034287675,263.0,,,,,,,,,,
390,Region 9: Zamboanga Peninsula,2021,,,,,96.0,,,,,,,446.0,,,,,,,6.194973671361897,236.0,,,,,,,,,,
391,Region 10: Northern Mindanao,2021,,,,,96.9,,,,,,,378.0,,,,,,,5.616247152710489,285.0,,,,,,,,,,
392,Region 11: Davao Region,2021,,,,,100.0,,,,,,,543.0,,,,,,,6.627874980404949,356.0,,,,,,,,,,
393,Region 12: SOCCSKSARGEN,2021,,,,,100.0,,,,,,,153.0,,,,,,,4.031386247316922,201.0,,,,,,,,,,
394,CARAGA: Cordillera Administrative Region,2021,,,,,93.6,,,,,,,149.0,,,,,,,7.799532603124558,217.0,,,,,,,,,,
395,BARMM: Bangsamoro Autonomous Region in Muslim Mindanao,2021,,,,,13.0,,,,,,,240.0,,,,,,,8.734968185278746,373.0,,,,,,,,,,
