Geolocation,Year,Changes in Inventories,Current Health Expenditure,Current Health Expenditure GR,Consumption Expenditure %,Consumption Expenditure GR,Gross Capital Formation,GRDP,Population,Primary Drop-out rate,Primary Drop-out rate (Girls),Primary Drop-out rate (Boys),Secondary Drop-out rate,Secondary Drop-out rate (Girls),Secondary Drop-out rate (Boys),Price Index for Agriculture
PHILIPPINES,2000,-136845782.0,,,100.0,5.7,579938180.0,3697556205.0,76723051.0,,,,,,,
NCR: National Capital Region,2000,2177317.0,,,45.9,8.3,203930819.0,1237450701.0,9961971.0,,,,,,,
CAR: Cordillera Administrative Region,2000,-6416286.0,,,2.7,2.3,13865180.0,90446009.0,1369249.0,,,,,,,
Region 1: Ilocos Region,2000,-1891391.0,,,4.0,1.3,24454284.0,128944988.0,4209083.0,,,,,,,
Region 2: Cagayan Valley,2000,5458610.0,,,2.4,4.2,32773347.0,85937981.0,2819641.0,,,,,,,
Region 3: Central Luzon,2000,-52958073.0,,,4.3,2.0,8037710.0,368786804.0,8233671.0,,,,,,,
Region 4A: CALABARZON,2000,-111297796.0,,,4.4,8.2,18214696.0,601691426.0,9367205.0,,,,,,,
MIMAROPA: Southwestern Tagalog Region,2000,2369275.0,,,2.0,3.0,10234683.0,66182382.0,2305919.0,,,,,,,
Region 5: Bicol Region,2000,5267903.0,,,3.6,0.3,23129693.0,96854451.0,4698058.0,,,,,,,
Region 6: Western Visayas,2000,12238329.0,,,5.0,7.9,46342201.0,180855163.0,6224949.0,,,,,,,
Region 7: Central Visayas,2000,14163801.0,,,2.7,6.8,65471807.0,201368028.0,5723559.0,,,,,,,
Region 8: Eastern Visayas,2000,-10840620.0,,,4.6,-0.8,21092440.0,103764213.0,3618043.0,,,,,,,
Region 9: Zamboanga Peninsula,2000,2648445.0,,,3.8,0.5,20574017.0,71512156.0,2840160.0,,,,,,,
Region 10: Northern Mindanao,2000,1986329.0,,,2.4,7.7,23598010.0,122602899.0,3517631.0,,,,,,,
Region 11: Davao Region,2000,17223629.0,,,3.8,1.1,47552342.0,152937206.0,3688138.0,,,,,,,
Region 12: SOCCSKSARGEN,2000,-8120781.0,,,4.2,1.6,8175791.0,90192440.0,2980515.0,,,,,,,
CARAGA: Cordillera Administrative Region,2000,-12147353.0,,,2.3,6.6,3517216.0,52357709.0,2100540.0,,,,,,,
BARMM: Bangsamoro Autonomous Region in Muslim Mindanao,2000,3292879.0,,,1.8,7.1,8973944.0,45671649.0,3064720.0,,,,,,,
PHILIPPINES,2001,24650494.0,,,100.0,3.4,762429457.0,4024398940.0,78273584.0,,,,,,,
NCR: National Capital Region,2001,32407610.0,,,47.0,-1.7,288023206.0,1349240704.0,10153254.0,,,,,,,
CAR: Cordillera Administrative Region,2001,-3465763.0,,,2.7,4.5,13448285.0,95301368.0,1397362.0,,,,,,,
Region 1: Ilocos Region,2001,-415859.0,,,3.8,6.6,26821755.0,137048662.0,4265007.0,,,,,,,
Region 2: Cagayan Valley,2001,6710711.0,,,2.4,11.5,34873457.0,93104321.0,2860861.0,,,,,,,
Region 3: Central Luzon,2001,-26135881.0,,,4.1,21.1,35506256.0,406500228.0,8420004.0,,,,,,,
Region 4A: CALABARZON,2001,-28830457.0,,,4.5,15.0,76941117.0,671228264.0,9687547.0,,,,,,,
MIMAROPA: Southwestern Tagalog Region,2001,2492120.0,,,2.0,7.8,11200127.0,71908260.0,2352183.0,,,,,,,
Region 5: Bicol Region,2001,6003300.0,,,3.5,3.1,23889005.0,105014935.0,4772451.0,,,,,,,
Region 6: Western Visayas,2001,12193914.0,,,5.1,4.2,44831024.0,190527313.0,6317904.0,,,,,,,
Region 7: Central Visayas,2001,23634467.0,,,2.8,11.0,74574164.0,221348981.0,5830498.0,,,,,,,
Region 8: Eastern Visayas,2001,-832765.0,,,4.3,7.9,25191530.0,111662287.0,3658304.0,,,,,,,
Region 9: Zamboanga Peninsula,2001,4412723.0,,,3.6,4.0,20350909.0,76332913.0,2906575.0,,,,,,,
Region 10: Northern Mindanao,2001,2205454.0,,,2.4,9.9,24298457.0,136862102.0,3599472.0,,,,,,,
Region 11: Davao Region,2001,12619403.0,,,3.6,4.8,44208881.0,162157754.0,3766504.0,,,,,,,
Region 12: SOCCSKSARGEN,2001,-7847249.0,,,4.0,1.4,6512848.0,95184436.0,3054507.0,,,,,,,
CARAGA: Cordillera Administrative Region,2001,-8993970.0,,,2.3,5.3,7578191.0,56225051.0,2134809.0,,,,,,,
BARMM: Bangsamoro Autonomous Region in Muslim Mindanao,2001,-1507265.0,,,1.8,5.1,4180245.0,44751362.0,3096339.0,,,,,,,
PHILIPPINES,2002,91133746.0,,,100.0,4.9,890086990.0,4350559772.0,79832103.0,,,,,,,
NCR: National Capital Region,2002,47446140.0,,,44.8,4.7,312792420.0,1435447457.0,10344788.0,,,,,,,
CAR: Cordillera Administrative Region,2002,-854248.0,,,2.7,0.9,16806013.0,104838201.0,1424800.0,,,,,,,
Region 1: Ilocos Region,2002,-2366347.0,,,3.9,6.8,29627138.0,147243617.0,4320673.0,,,,,,,
Region 2: Cagayan Valley,2002,7073336.0,,,2.6,7.5,37349804.0,96648982.0,2902169.0,,,,,,,
Region 3: Central Luzon,2002,-755268.0,,,4.8,7.2,63533211.0,452337803.0,8607944.0,,,,,,,
Region 4A: CALABARZON,2002,-9172498.0,,,5.0,5.9,108934789.0,713061159.0,10009909.0,,,,,,,
MIMAROPA: Southwestern Tagalog Region,2002,1885432.0,,,2.1,6.8,14899234.0,83490454.0,2398060.0,,,,,,,
Region 5: Bicol Region,2002,6176622.0,,,3.5,6.7,26003348.0,113543367.0,4846614.0,,,,,,,
Region 6: Western Visayas,2002,10581660.0,,,5.1,2.9,46626457.0,206272535.0,6409990.0,,,,,,,
Region 7: Central Visayas,2002,15639464.0,,,3.0,1.8,72065505.0,236861695.0,5937986.0,,,,,,,
Region 8: Eastern Visayas,2002,-544446.0,,,4.5,6.7,29938004.0,118558368.0,3700580.0,,,,,,,
Region 9: Zamboanga Peninsula,2002,2291752.0,,,3.6,3.1,20478447.0,81220537.0,2970981.0,,,,,,,
Region 10: Northern Mindanao,2002,7214546.0,,,2.6,5.4,31421346.0,158949261.0,3680709.0,,,,,,,
Region 11: Davao Region,2002,18921653.0,,,3.6,2.2,48321754.0,177461785.0,3845076.0,,,,,,,
Region 12: SOCCSKSARGEN,2002,-2370092.0,,,4.0,2.6,14099278.0,109032491.0,3128080.0,,,,,,,
CARAGA: Cordillera Administrative Region,2002,-12743708.0,,,2.4,3.6,7031623.0,62421224.0,2168877.0,,,,,,,
BARMM: Bangsamoro Autonomous Region in Muslim Mindanao,2002,2709746.0,,,1.8,13.5,10158618.0,53170834.0,3134866.0,,,,,,,
PHILIPPINES,2003,40200557.0,,,100.0,3.9,921328434.0,4717808940.0,81398610.0,,,,,,,
NCR: National Capital Region,2003,38680890.0,,,44.7,5.0,350366278.0,1545711905.0,10536574.0,,,,,,,
CAR: Cordillera Administrative Region,2003,2816938.0,,,2.6,-1.4,19788755.0,113075065.0,1451561.0,,,,,,,
Region 1: Ilocos Region,2003,1563172.0,,,4.0,0.3,32967294.0,157948520.0,4376079.0,,,,,,,
Region 2: Cagayan Valley,2003,7434120.0,,,2.6,4.6,40755790.0,99116555.0,2943564.0,,,,,,,
Region 3: Central Luzon,2003,-11413915.0,,,4.9,19.7,64973784.0,494424474.0,8797491.0,,,,,,,
Region 4A: CALABARZON,2003,-5564609.0,,,5.0,5.1,111408235.0,788436127.0,10334289.0,,,,,,,
MIMAROPA: Southwestern Tagalog Region,2003,1015582.0,,,2.1,-9.0,12029760.0,95423489.0,2443548.0,,,,,,,
Region 5: Bicol Region,2003,133123.0,,,3.5,-5.4,23452407.0,120066693.0,4920546.0,,,,,,,
Region 6: Western Visayas,2003,5708728.0,,,5.0,-1.9,45601881.0,220844486.0,6501206.0,,,,,,,
Region 7: Central Visayas,2003,15346129.0,,,2.9,13.7,70933637.0,251698543.0,6046025.0,,,,,,,
Region 8: Eastern Visayas,2003,-15430382.0,,,4.6,4.2,17339732.0,126148913.0,3744872.0,,,,,,,
Region 9: Zamboanga Peninsula,2003,-237244.0,,,3.6,-5.7,19815370.0,86783931.0,3033380.0,,,,,,,
Region 10: Northern Mindanao,2003,6801237.0,,,2.6,7.7,36803846.0,177471012.0,3761342.0,,,,,,,
Region 11: Davao Region,2003,13737486.0,,,3.5,-3.6,50647069.0,194422080.0,3923852.0,,,,,,,
Region 12: SOCCSKSARGEN,2003,-7479618.0,,,3.9,0.8,14305623.0,120147954.0,3201234.0,,,,,,,
CARAGA: Cordillera Administrative Region,2003,-11767663.0,,,2.4,10.8,3017840.0,68343455.0,2202744.0,,,,,,,
BARMM: Bangsamoro Autonomous Region in Muslim Mindanao,2003,-1143417.0,,,2.0,2.7,7121133.0,57745738.0,3180302.0,,,,,,,
PHILIPPINES,2004,115195365.0,,,100.0,7.8,1103698971.0,5323904177.0,82977428.0,,,,,,,
NCR: National Capital Region,2004,90746761.0,,,45.1,5.8,445396815.0,1743576537.0,10729137.0,,,,,,,
CAR: Cordillera Administrative Region,2004,5942522.0,,,2.5,14.3,24257807.0,126064714.0,1477718.0,,,,,,,
Region 1: Ilocos Region,2004,11013024.0,,,3.9,11.9,45222018.0,178137944.0,4431377.0,,,,,,,
Region 2: Cagayan Valley,2004,14501407.0,,,2.7,5.7,51068600.0,117674721.0,2985160.0,,,,,,,
Region 3: Central Luzon,2004,-18880906.0,,,5.7,3.8,68231368.0,548718978.0,8989170.0,,,,,,,
Region 4A: CALABARZON,2004,-7379076.0,,,5.1,19.4,117422285.0,881529587.0,10661585.0,,,,,,,
MIMAROPA: Southwestern Tagalog Region,2004,-2997026.0,,,1.8,25.2,9464169.0,103521732.0,2488772.0,,,,,,,
Region 5: Bicol Region,2004,2225757.0,,,3.2,18.4,28387601.0,135875452.0,4994449.0,,,,,,,
Region 6: Western Visayas,2004,6233671.0,,,4.8,9.5,48709503.0,244363281.0,6591799.0,,,,,,,
Region 7: Central Visayas,2004,14804151.0,,,3.2,0.6,76422804.0,286487926.0,6154912.0,,,,,,,
Region 8: Eastern Visayas,2004,-19334525.0,,,4.6,0.3,18965733.0,147430426.0,3791309.0,,,,,,,
Region 9: Zamboanga Peninsula,2004,4012508.0,,,3.2,14.6,25632443.0,96967352.0,3093932.0,,,,,,,
Region 10: Northern Mindanao,2004,14742998.0,,,2.7,16.5,46562387.0,204146137.0,3841588.0,,,,,,,
Region 11: Davao Region,2004,10215524.0,,,3.3,15.9,54960082.0,221493390.0,4003049.0,,,,,,,
Region 12: SOCCSKSARGEN,2004,-3010553.0,,,3.8,0.6,21311622.0,139197728.0,3274168.0,,,,,,,
CARAGA: Cordillera Administrative Region,2004,-12195146.0,,,2.5,1.4,6226540.0,77441587.0,2236502.0,,,,,,,
BARMM: Bangsamoro Autonomous Region in Muslim Mindanao,2004,4554275.0,,,2.0,-1.0,15457196.0,71276682.0,3232800.0,,,,,,,
PHILIPPINES,2005,20573012.0,,,100.0,13.2,1098633998.0,5917282301.0,84559930.0,,,,,,,
NCR: National Capital Region,2005,-21121052.0,,,44.3,9.1,364638998.0,1954778997.0,10921427.0,,,,,,,
CAR: Cordillera Administrative Region,2005,922235.0,,,2.6,6.1,20432006.0,133005766.0,1503126.0,,,,,,,
Region 1: Ilocos Region,2005,2156933.0,,,4.0,29.2,39338515.0,198599341.0,4486265.0,,,,,,,
Region 2: Cagayan Valley,2005,21591202.0,,,2.6,17.5,58370199.0,121542578.0,3026730.0,,,,,,,
Region 3: Central Luzon,2005,-4770170.0,,,5.5,20.2,92419886.0,610192972.0,9181933.0,,,,,,,
Region 4A: CALABARZON,2005,30758718.0,,,5.6,14.1,173261985.0,987614867.0,10990009.0,,,,,,,
MIMAROPA: Southwestern Tagalog Region,2005,1792345.0,,,2.1,18.0,15527012.0,121806090.0,2533484.0,,,,,,,
Region 5: Bicol Region,2005,3413493.0,,,3.5,20.9,30110212.0,148022711.0,5067918.0,,,,,,,
Region 6: Western Visayas,2005,1445825.0,,,4.8,18.6,44867130.0,270572999.0,6681274.0,,,,,,,
Region 7: Central Visayas,2005,2064083.0,,,3.0,17.7,64122060.0,321657954.0,6264053.0,,,,,,,
Region 8: Eastern Visayas,2005,-13005839.0,,,4.3,8.4,33122898.0,164052811.0,3839638.0,,,,,,,
Region 9: Zamboanga Peninsula,2005,4543260.0,,,3.5,13.8,25807637.0,110091946.0,3152309.0,,,,,,,
Region 10: Northern Mindanao,2005,13843338.0,,,2.9,18.0,47028216.0,224201372.0,3921010.0,,,,,,,
Region 11: Davao Region,2005,-8433806.0,,,3.5,11.5,41714462.0,240651281.0,4082235.0,,,,,,,
Region 12: SOCCSKSARGEN,2005,-3658552.0,,,3.5,10.4,22874351.0,146556546.0,3346482.0,,,,,,,
CARAGA: Cordillera Administrative Region,2005,-12928080.0,,,2.4,16.2,8967658.0,84420023.0,2269967.0,,,,,,,
BARMM: Bangsamoro Autonomous Region in Muslim Mindanao,2005,1959079.0,,,1.8,22.7,16030773.0,79514046.0,3292071.0,,,,,,,
PHILIPPINES,2006,-178148844.0,,,100.0,11.9,1049071426.0,6550417113.0,86150420.0,6.37,5.0,7.64,8.5,6.7,10.4,
NCR: National Capital Region,2006,-62074630.0,,,42.7,12.5,350945836.0,2176864045.0,11113967.0,2.37,1.46,2.98,7.4,6.8,8.8,
CAR: Cordillera Administrative Region,2006,1539829.0,,,2.4,3.3,25385665.0,145857673.0,1527858.0,5.67,4.23,6.96,4.2,2.6,5.8,
Region 1: Ilocos Region,2006,-12615425.0,,,4.6,2.3,32127165.0,218353822.0,4540893.0,3.93,3.15,4.64,4.1,4.1,5.2,
Region 2: Cagayan Valley,2006,19634112.0,,,2.7,11.2,68595346.0,139253836.0,3068387.0,4.72,3.21,6.09,7.1,5.7,8.6,
Region 3: Central Luzon,2006,-23168248.0,,,5.8,21.3,84806309.0,668848239.0,9376303.0,3.69,2.74,4.56,7.3,5.5,9.1,
Region 4A: CALABARZON,2006,-40148922.0,,,5.7,38.8,120393803.0,1093698856.0,11320451.0,3.9,2.88,4.85,5.3,3.4,7.3,
MIMAROPA: Southwestern Tagalog Region,2006,-6738316.0,,,2.2,21.4,10027999.0,131197013.0,2577808.0,6.7,5.18,8.09,9.1,6.7,11.7,
Region 5: Bicol Region,2006,1929194.0,,,3.8,20.4,31513023.0,158101543.0,5141157.0,6.06,4.78,7.21,9.2,6.9,11.6,
Region 6: Western Visayas,2006,-6533844.0,,,5.1,4.1,52570827.0,299925476.0,6769880.0,6.38,4.61,7.96,8.9,6.2,11.5,
Region 7: Central Visayas,2006,-22029093.0,,,3.1,6.3,52741677.0,354599746.0,6373743.0,5.0,3.56,6.27,10.4,8.1,12.8,
Region 8: Eastern Visayas,2006,-14453592.0,,,4.1,0.9,35549864.0,183249360.0,3889981.0,8.03,6.11,9.82,10.2,8.8,11.7,
Region 9: Zamboanga Peninsula,2006,6236741.0,,,3.5,3.0,32077060.0,124161636.0,3208677.0,10.4,8.2,12.45,9.5,8.3,10.7,
Region 10: Northern Mindanao,2006,13399986.0,,,3.1,9.0,51278595.0,248747368.0,3999827.0,8.07,6.33,9.66,10.7,8.8,12.7,
Region 11: Davao Region,2006,-17199083.0,,,3.5,1.8,44995751.0,260394849.0,4161626.0,10.49,8.67,12.17,12.1,10.5,13.8,
Region 12: SOCCSKSARGEN,2006,-7410550.0,,,3.4,4.9,22344500.0,162095898.0,3418378.0,8.87,7.37,10.3,10.4,8.9,12.1,
CARAGA: Cordillera Administrative Region,2006,-10577337.0,,,2.4,1.2,15474356.0,95817471.0,2303231.0,8.53,6.62,10.27,10.0,8.3,11.8,
BARMM: Bangsamoro Autonomous Region in Muslim Mindanao,2006,2060334.0,,,2.0,15.4,18243650.0,89250281.0,3358251.0,19.76,16.95,22.69,24.8,23.3,26.5,
PHILIPPINES,2007,-198481639.0,,,100.0,6.8,1160979516.0,7198244888.0,87748896.0,5.99,4.72,7.17,7.5,5.6,9.3,
NCR: National Capital Region,2007,-72647490.0,,,42.9,9.2,410794316.0,2399583921.0,11306759.0,2.83,1.8,3.72,6.1,3.5,8.6,
CAR: Cordillera Administrative Region,2007,2224400.0,,,2.3,3.4,26901466.0,153956921.0,1551914.0,6.41,5.09,7.59,7.8,5.3,10.4,
Region 1: Ilocos Region,2007,-7528468.0,,,4.2,0.8,41310895.0,235792743.0,4595262.0,3.76,2.92,4.52,4.8,3.1,6.6,
Region 2: Cagayan Valley,2007,24258860.0,,,2.7,1.8,71904291.0,154237291.0,3110132.0,4.95,3.71,6.09,6.7,5.3,8.3,
Region 3: Central Luzon,2007,-27299916.0,,,6.3,9.1,92665051.0,721803908.0,9572279.0,3.97,3.02,4.85,6.8,4.9,8.7,
Region 4A: CALABARZON,2007,-56711613.0,,,7.0,0.7,119653336.0,1194749373.0,11652912.0,4.41,3.21,5.5,5.5,3.2,7.7,
MIMAROPA: Southwestern Tagalog Region,2007,-15985915.0,,,2.4,7.0,3017260.0,148513117.0,2621744.0,7.4,6.29,8.4,8.8,7.4,10.2,
Region 5: Bicol Region,2007,350885.0,,,4.0,1.3,37647782.0,178100846.0,5214165.0,5.78,4.61,6.83,8.4,7.0,9.8,
Region 6: Western Visayas,2007,5404782.0,,,4.7,0.3,61931227.0,329317934.0,6857616.0,6.14,4.45,7.65,7.1,5.3,8.8,
Region 7: Central Visayas,2007,-27281777.0,,,2.9,7.5,51229324.0,394422136.0,6483984.0,4.65,3.25,5.9,9.0,6.0,11.9,
Region 8: Eastern Visayas,2007,-24688486.0,,,3.7,9.4,28872332.0,187305762.0,3942341.0,6.99,5.43,8.44,9.8,8.8,10.9,
Region 9: Zamboanga Peninsula,2007,7176296.0,,,3.2,2.7,36393184.0,140783508.0,3263037.0,9.89,8.04,11.6,10.1,8.2,12.1,
Region 10: Northern Mindanao,2007,13825301.0,,,3.0,15.6,56935962.0,278501999.0,4078040.0,7.23,5.66,8.67,9.0,7.4,10.7,
Region 11: Davao Region,2007,-7510156.0,,,3.2,7.9,53906127.0,289561841.0,4241222.0,8.26,6.45,9.93,8.9,7.5,10.3,
Region 12: SOCCSKSARGEN,2007,-2902424.0,,,3.2,0.3,29560684.0,185204666.0,3489855.0,8.29,6.75,9.75,9.1,7.6,10.6,
CARAGA: Cordillera Administrative Region,2007,2066721.0,,,2.2,8.5,28536461.0,111530938.0,2336294.0,6.42,4.73,7.95,8.8,7.9,9.8,
BARMM: Bangsamoro Autonomous Region in Muslim Mindanao,2007,-11232638.0,,,2.0,11.8,9719819.0,94877985.0,3431340.0,15.77,14.28,17.37,9.3,8.7,10.1,
PHILIPPINES,2008,-10934733.0,,,100.0,16.2,1526893379.0,8050200621.0,89359772.0,6.02,4.87,7.07,7.4,5.8,9.1,
NCR: National Capital Region,2008,-16791691.0,,,43.9,16.6,541772989.0,2655351616.0,11500331.0,2.92,2.13,3.43,5.6,3.8,7.3,
CAR: Cordillera Administrative Region,2008,1699529.0,,,2.2,10.0,29704835.0,165532965.0,1575358.0,5.49,4.16,6.67,5.1,2.7,7.6,
Region 1: Ilocos Region,2008,-1384595.0,,,4.0,6.4,50763801.0,265782293.0,4649520.0,3.09,2.41,3.71,5.4,3.9,6.8,
Region 2: Cagayan Valley,2008,18866447.0,,,2.6,15.2,73649021.0,174606287.0,3152079.0,4.3,3.28,5.24,6.1,4.8,7.4,
Region 3: Central Luzon,2008,-1141473.0,,,6.4,20.3,138098487.0,832147448.0,9770406.0,3.94,3.05,4.75,6.9,5.4,8.3,
Region 4A: CALABARZON,2008,-51903824.0,,,6.6,20.3,149756689.0,1286125893.0,11988312.0,3.87,2.87,4.8,5.4,3.2,7.4,
MIMAROPA: Southwestern Tagalog Region,2008,1808683.0,,,2.4,16.7,22411802.0,174989809.0,2665411.0,6.4,5.23,7.46,8.2,6.8,9.6,
Region 5: Bicol Region,2008,5154369.0,,,3.8,21.3,47880014.0,203567999.0,5287141.0,5.9,4.71,6.96,8.8,6.9,10.7,
Region 6: Western Visayas,2008,15823095.0,,,4.4,20.7,73382845.0,375511999.0,6944719.0,6.03,4.49,7.4,7.4,5.4,9.3,
Region 7: Central Visayas,2008,-23683350.0,,,2.9,13.2,66644077.0,442118144.0,6595079.0,4.59,3.34,5.7,8.4,6.6,10.2,
Region 8: Eastern Visayas,2008,3012086.0,,,3.8,5.4,57762475.0,225450370.0,3996867.0,6.51,4.83,8.06,9.6,8.2,11.1,
Region 9: Zamboanga Peninsula,2008,15287172.0,,,3.1,6.7,47934898.0,162968224.0,3315530.0,10.27,8.38,12.01,10.5,9.2,12.0,
Region 10: Northern Mindanao,2008,18543621.0,,,3.2,23.1,66116839.0,322020334.0,4155859.0,7.28,5.76,8.67,9.8,7.9,11.7,
Region 11: Davao Region,2008,11999027.0,,,3.2,10.8,78610222.0,328336322.0,4321241.0,9.09,7.13,10.89,8.5,6.6,10.6,
Region 12: SOCCSKSARGEN,2008,2443724.0,,,3.0,24.3,37747319.0,211332780.0,3561107.0,8.33,6.65,9.92,10.2,8.4,11.9,
CARAGA: Cordillera Administrative Region,2008,1206760.0,,,2.2,12.6,32838613.0,119394512.0,2369246.0,6.62,5.19,7.91,8.7,7.7,9.8,
BARMM: Bangsamoro Autonomous Region in Muslim Mindanao,2008,-11874312.0,,,2.1,15.6,11818453.0,104963626.0,3511566.0,17.99,16.87,19.21,10.8,10.0,11.9,
PHILIPPINES,2009,-100523573.0,,,100.0,10.8,1462594876.0,8390421456.0,90974244.0,6.28,4.93,7.52,8.0,6.2,9.7,
NCR: National Capital Region,2009,-78327162.0,,,44.1,9.9,461856608.0,2754035852.0,11693627.0,4.07,3.33,4.75,6.9,5.0,8.7,
CAR: Cordillera Administrative Region,2009,4102771.0,,,2.1,10.4,32099095.0,172017163.0,1598061.0,5.04,2.73,6.41,7.9,4.4,11.4,
Region 1: Ilocos Region,2009,-2241727.0,,,3.6,12.4,55904854.0,278946712.0,4703370.0,3.6,2.75,4.38,5.5,3.8,7.1,
Region 2: Cagayan Valley,2009,21317690.0,,,2.5,8.4,75637222.0,184247388.0,3193998.0,4.81,3.45,6.04,6.9,5.3,8.5,
Region 3: Central Luzon,2009,-4638249.0,,,6.7,11.3,152676627.0,854442889.0,9969599.0,3.72,2.7,4.65,7.0,4.9,9.0,
Region 4A: CALABARZON,2009,-70383785.0,,,6.9,11.8,137230627.0,1283795207.0,12324816.0,2.57,1.78,4.2,6.5,4.2,8.8,
MIMAROPA: Southwestern Tagalog Region,2009,-4735049.0,,,2.4,8.6,18093221.0,184665344.0,2708570.0,6.93,5.64,8.08,8.6,6.3,10.8,
Region 5: Bicol Region,2009,3798417.0,,,4.0,10.6,49960679.0,223520298.0,5359687.0,5.8,4.63,6.83,8.5,6.7,10.3,
Region 6: Western Visayas,2009,6024890.0,,,4.6,11.5,65937469.0,407178512.0,7030714.0,6.05,4.4,7.52,7.1,5.4,8.7,
Region 7: Central Visayas,2009,-14827586.0,,,2.9,14.4,71085390.0,465442221.0,6706422.0,4.78,3.28,6.1,8.5,6.3,10.6,
Region 8: Eastern Visayas,2009,9742439.0,,,3.4,15.3,66895260.0,241850136.0,4053263.0,7.19,5.5,8.72,9.9,8.8,11.0,
Region 9: Zamboanga Peninsula,2009,23828928.0,,,2.8,11.9,57791190.0,178223978.0,3365869.0,10.21,8.15,12.1,10.0,9.2,10.8,
Region 10: Northern Mindanao,2009,7506651.0,,,3.4,10.1,61730858.0,346382742.0,4232861.0,8.44,6.4,10.29,11.2,9.2,13.2,
Region 11: Davao Region,2009,11299702.0,,,3.1,10.4,75252448.0,358638649.0,4401248.0,8.12,6.11,9.95,10.3,9.8,10.8,
Region 12: SOCCSKSARGEN,2009,-5144357.0,,,3.2,8.3,32340873.0,220826218.0,3631744.0,9.16,7.28,10.92,8.1,6.9,9.4,
CARAGA: Cordillera Administrative Region,2009,5586101.0,,,2.2,11.0,36471545.0,125030284.0,2401907.0,8.07,6.06,9.89,9.8,8.5,11.0,
BARMM: Bangsamoro Autonomous Region in Muslim Mindanao,2009,-13433247.0,,,2.1,18.0,11630910.0,111177863.0,3598490.0,18.63,16.8,20.62,11.4,10.7,12.3,
PHILIPPINES,2010,1856549.0,,,100.0,7.9,1921414212.0,9399450758.0,92596704.0,6.29,5.02,7.45,7.8,5.7,9.5,
NCR: National Capital Region,2010,-8382259.0,,,43.7,3.8,709295233.0,3053160348.0,11887173.0,3.31,2.53,4.03,6.7,4.6,8.8,
CAR: Cordillera Administrative Region,2010,10081530.0,,,2.1,8.7,40460952.0,189766817.0,1620087.0,6.0,4.94,6.96,8.1,5.6,10.6,
Region 1: Ilocos Region,2010,17223201.0,,,3.7,8.1,78634006.0,312628376.0,4756961.0,3.78,3.02,4.46,5.9,4.2,7.6,
Region 2: Cagayan Valley,2010,24698127.0,,,2.5,10.2,81642816.0,192880304.0,3236006.0,4.95,3.71,6.07,6.7,5.4,7.9,
Region 3: Central Luzon,2010,-25471626.0,,,6.7,7.7,160676585.0,979287700.0,10170399.0,4.15,3.02,5.19,6.7,4.7,8.5,
Region 4A: CALABARZON,2010,-74356788.0,,,6.9,7.1,201552417.0,1486403920.0,12663339.0,3.75,2.55,4.86,5.9,3.9,8.0,
MIMAROPA: Southwestern Tagalog Region,2010,-5964736.0,,,2.4,5.1,19103351.0,191713018.0,2751341.0,6.25,4.79,7.56,9.4,7.4,11.5,
Region 5: Bicol Region,2010,13023064.0,,,4.0,8.2,63983684.0,246110918.0,5432002.0,5.79,4.51,6.91,8.6,5.8,11.4,
Region 6: Western Visayas,2010,11296248.0,,,4.6,8.0,78853405.0,433178888.0,7115840.0,6.56,4.88,8.05,7.5,5.5,9.4,
Region 7: Central Visayas,2010,3078295.0,,,3.0,11.1,97617542.0,539482115.0,6818314.0,4.82,3.44,6.03,7.8,5.8,9.8,
Region 8: Eastern Visayas,2010,4583287.0,,,3.6,36.4,66576295.0,254164654.0,4111674.0,6.42,4.89,7.8,9.9,8.3,11.6,
Region 9: Zamboanga Peninsula,2010,16848217.0,,,2.9,11.3,54249749.0,195081265.0,3414199.0,10.41,8.41,12.25,10.1,8.4,11.9,
Region 10: Northern Mindanao,2010,10258443.0,,,3.4,15.3,73568066.0,394980142.0,4309258.0,7.95,6.23,9.53,6.0,4.5,7.5,
Region 11: Davao Region,2010,28070422.0,,,3.0,11.3,108400878.0,403461237.0,4481458.0,8.8,6.77,10.63,9.2,6.6,11.9,
Region 12: SOCCSKSARGEN,2010,-9587180.0,,,3.2,-3.1,33894195.0,252178036.0,3701963.0,8.9,7.43,10.28,8.7,7.4,10.1,
CARAGA: Cordillera Administrative Region,2010,-3984307.0,,,2.2,3.9,30642970.0,143337552.0,2434366.0,6.72,5.04,8.22,9.3,7.9,10.7,
BARMM: Bangsamoro Autonomous Region in Muslim Mindanao,2010,-9557387.0,,,2.3,36.4,22262068.0,131635468.0,3692323.0,18.1,16.95,19.37,11.2,10.5,12.2,
PHILIPPINES,2011,178559066.0,,,100.0,21.1,2103996324.0,10144661327.0,94227150.0,6.36,5.18,7.45,7.8,5.6,10.0,
NCR: National Capital Region,2011,37960386.0,,,42.1,19.9,720272869.0,3237138656.0,12080971.0,2.93,2.42,3.86,5.8,3.9,7.6,
CAR: Cordillera Administrative Region,2011,20906816.0,,,2.1,23.0,49944680.0,200486679.0,1641438.0,4.91,3.57,6.1,6.4,2.7,10.0,
Region 1: Ilocos Region,2011,22315022.0,,,3.7,21.9,84747579.0,334384268.0,4810293.0,3.36,2.53,4.1,6.9,4.9,8.9,
Region 2: Cagayan Valley,2011,26715349.0,,,2.5,10.9,80940288.0,213085202.0,3278100.0,4.73,3.59,5.77,6.3,4.4,8.1,
Region 3: Central Luzon,2011,9838677.0,,,6.7,22.8,216166904.0,1096258667.0,10372806.0,4.07,3.17,4.9,7.6,5.5,9.7,
Region 4A: CALABARZON,2011,-65654452.0,,,6.9,26.4,217059209.0,1582459854.0,13003881.0,2.46,1.83,3.7,4.5,2.7,6.3,
MIMAROPA: Southwestern Tagalog Region,2011,5318716.0,,,2.3,24.2,28886357.0,212158911.0,2793725.0,6.13,4.86,7.27,8.9,6.1,11.7,
Region 5: Bicol Region,2011,8723895.0,,,4.0,26.4,59544473.0,266892594.0,5504085.0,5.7,4.46,6.8,9.3,6.6,11.9,
Region 6: Western Visayas,2011,21788503.0,,,4.6,21.9,93884238.0,477427428.0,7200096.0,5.64,4.17,6.95,7.4,5.0,9.6,
Region 7: Central Visayas,2011,9876532.0,,,3.0,28.8,117435296.0,592227842.0,6930757.0,4.23,2.83,5.47,8.1,5.1,10.9,
Region 8: Eastern Visayas,2011,22366355.0,,,4.5,18.4,78986608.0,272677861.0,4172100.0,7.97,6.35,9.42,11.0,8.5,13.5,
Region 9: Zamboanga Peninsula,2011,15780164.0,,,2.9,13.6,51040945.0,210255381.0,3460521.0,9.91,7.87,11.77,9.8,7.7,12.1,
Region 10: Northern Mindanao,2011,8443267.0,,,3.6,18.0,75523122.0,436363852.0,4385050.0,8.74,6.99,10.33,11.8,9.2,14.4,
Region 11: Davao Region,2011,38166974.0,,,3.1,22.6,119476612.0,437559437.0,4561874.0,9.35,7.34,11.16,9.3,6.8,11.7,
Region 12: SOCCSKSARGEN,2011,-1487405.0,,,2.8,27.5,47361834.0,277035863.0,3771762.0,8.59,6.94,10.13,9.6,7.6,11.7,
CARAGA: Cordillera Administrative Region,2011,6678630.0,,,2.1,27.0,45391556.0,156504793.0,2466625.0,8.05,6.1,9.8,10.1,8.4,11.8,
BARMM: Bangsamoro Autonomous Region in Muslim Mindanao,2011,-9178363.0,,,2.8,14.2,17333754.0,141744037.0,3793064.0,22.72,22.22,23.26,12.3,10.6,14.5,
PHILIPPINES,2012,-42228645.0,,,100.0,9.2,2163531693.0,11060588831.0,95870083.0,6.24,5.12,7.25,8.1,6.2,10.0,
NCR: National Capital Region,2012,-53978335.0,,,41.7,10.3,758973608.0,3553088571.0,12275553.0,4.1,3.27,4.88,6.9,4.9,8.8,
CAR: Cordillera Administrative Region,2012,268953.0,,,2.1,4.5,29548738.0,201836502.0,1662169.0,4.79,3.77,5.7,6.9,4.1,9.7,
Region 1: Ilocos Region,2012,-424963.0,,,3.7,6.4,68070088.0,356651167.0,4863510.0,3.1,2.48,3.66,6.1,4.2,7.8,
Region 2: Cagayan Valley,2012,20349948.0,,,2.3,2.9,79946525.0,234724620.0,3320398.0,3.93,2.97,4.81,6.9,5.2,8.7,
Region 3: Central Luzon,2012,15729819.0,,,6.8,12.5,244530920.0,1206580595.0,10577379.0,3.71,2.89,4.46,7.6,5.6,9.4,
Region 4A: CALABARZON,2012,-58510828.0,,,7.2,6.3,231742975.0,1721867470.0,13347384.0,3.26,1.71,4.26,5.4,3.6,7.2,
MIMAROPA: Southwestern Tagalog Region,2012,512923.0,,,2.4,3.7,24934114.0,231318002.0,2835835.0,5.87,4.52,7.06,7.7,5.6,9.8,
Region 5: Bicol Region,2012,7479267.0,,,4.2,5.8,69740827.0,298247874.0,5576135.0,5.35,4.17,6.37,9.2,6.5,11.8,
Region 6: Western Visayas,2012,3128975.0,,,4.7,3.6,95477787.0,527279962.0,7283710.0,4.8,3.46,5.99,7.7,5.5,9.7,
Region 7: Central Visayas,2012,-24630912.0,,,3.2,17.3,113821899.0,674544563.0,7044060.0,4.19,2.79,5.42,8.3,5.8,10.7,
Region 8: Eastern Visayas,2012,-10166759.0,,,4.4,3.8,63244342.0,265041353.0,4234716.0,5.84,4.53,7.02,9.8,7.8,11.7,
Region 9: Zamboanga Peninsula,2012,26708235.0,,,2.8,9.3,66283144.0,236734323.0,3504953.0,11.5,9.69,13.14,12.0,10.1,14.1,
Region 10: Northern Mindanao,2012,635725.0,,,3.5,9.0,70513455.0,472652726.0,4460443.0,8.85,7.39,10.16,8.8,6.5,11.0,
Region 11: Davao Region,2012,29776593.0,,,3.2,12.0,128999339.0,454315711.0,4642716.0,8.58,6.77,10.2,8.7,6.8,10.5,
Region 12: SOCCSKSARGEN,2012,-15461679.0,,,3.0,8.9,27822285.0,291093120.0,3841332.0,7.94,6.51,9.26,9.3,7.7,11.0,
CARAGA: Cordillera Administrative Region,2012,23256019.0,,,2.2,1.7,68619229.0,180393968.0,2498771.0,6.47,4.64,8.11,10.4,8.5,12.2,
BARMM: Bangsamoro Autonomous Region in Muslim Mindanao,2012,-6901624.0,,,2.7,26.4,21262421.0,154218301.0,3901019.0,23.81,22.78,24.93,18.3,17.6,19.3,
PHILIPPINES,2013,-18218400.0,,,100.0,7.0,2487510204.0,12050591984.0,97516526.0,4.85,4.04,5.59,7.6,5.8,9.4,
NCR: National Capital Region,2013,-25567519.0,,,42.1,5.4,957586594.0,3890702252.0,12469854.0,4.36,3.78,4.89,7.2,5.8,8.7,
CAR: Cordillera Administrative Region,2013,-2783987.0,,,2.0,6.9,33081560.0,219989238.0,1682167.0,3.75,3.15,4.28,7.8,5.3,10.3,
Region 1: Ilocos Region,2013,-891655.0,,,3.6,14.3,75736595.0,393993447.0,4916323.0,1.92,1.42,2.37,5.3,3.5,6.9,
Region 2: Cagayan Valley,2013,-3805473.0,,,2.2,8.7,62731146.0,268304482.0,3362667.0,2.42,1.67,3.09,5.7,4.3,7.0,
Region 3: Central Luzon,2013,14493604.0,,,7.0,6.8,274814176.0,1306617621.0,10783003.0,1.9,1.37,2.37,5.3,3.8,6.7,
Region 4A: CALABARZON,2013,-11077119.0,,,7.0,11.5,290367514.0,1847878662.0,13691969.0,6.03,5.13,6.85,7.0,5.0,9.0,
MIMAROPA: Southwestern Tagalog Region,2013,-6946834.0,,,2.3,6.0,21427705.0,242953220.0,2877441.0,4.73,3.84,5.52,7.6,5.7,9.5,
Region 5: Bicol Region,2013,8305364.0,,,4.1,9.4,83011228.0,332295863.0,5647756.0,3.19,2.39,3.88,7.9,5.5,10.3,
Region 6: Western Visayas,2013,4547658.0,,,4.4,4.0,101336678.0,566792962.0,7366225.0,2.91,2.1,3.62,6.8,5.0,8.5,
Region 7: Central Visayas,2013,-15927072.0,,,3.5,15.7,126595075.0,746139449.0,7157605.0,2.88,1.97,3.67,6.9,4.5,9.2,
Region 8: Eastern Visayas,2013,1207249.0,,,4.2,3.2,84580063.0,292195740.0,4299179.0,4.0,2.94,4.94,8.6,6.4,10.6,
Region 9: Zamboanga Peninsula,2013,14734303.0,,,2.8,5.4,64719560.0,253224354.0,3547254.0,9.25,8.12,10.26,11.2,9.0,13.4,
Region 10: Northern Mindanao,2013,-652105.0,,,3.5,10.0,70333157.0,509881162.0,4535025.0,6.15,4.82,7.32,10.2,8.6,11.8,
Region 11: Davao Region,2013,7132362.0,,,3.3,6.1,120503064.0,495294298.0,4723542.0,5.28,4.02,6.4,8.9,7.1,10.8,
Region 12: SOCCSKSARGEN,2013,1452127.0,,,3.0,7.0,51909193.0,324370805.0,3910293.0,5.82,4.62,6.92,8.4,6.3,10.6,
CARAGA: Cordillera Administrative Region,2013,-813155.0,,,2.0,4.8,50823123.0,194874139.0,2530627.0,4.07,2.89,5.13,8.9,7.3,10.4,
BARMM: Bangsamoro Autonomous Region in Muslim Mindanao,2013,-1626148.0,,,3.1,6.6,17953773.0,165084288.0,4015596.0,14.04,13.17,15.0,15.3,13.9,17.1,
PHILIPPINES,2014,6863551.0,16.8,27.8,100.0,9.1,2763392839.0,13206828252.0,99170955.0,3.26,2.77,3.7,6.9,5.5,8.3,
NCR: National Capital Region,2014,-9498709.0,24.7,3.6,41.5,6.7,1055722012.0,4215201150.0,12664407.0,4.25,3.6,4.86,6.7,5.1,8.2,
CAR: Cordillera Administrative Region,2014,-5031597.0,2.1,11.4,2.0,7.5,24485878.0,237096008.0,1701488.0,2.84,1.71,3.5,6.3,3.8,8.8,
Region 1: Ilocos Region,2014,2641538.0,4.0,12.4,3.9,14.5,88877912.0,430678687.0,4968877.0,1.13,0.93,1.3,4.9,3.7,6.0,
Region 2: Cagayan Valley,2014,3196568.0,2.3,13.9,2.2,9.0,75028145.0,304061090.0,3405024.0,2.61,1.96,3.2,6.2,4.6,7.7,
Region 3: Central Luzon,2014,-7236367.0,10.9,9.9,7.0,10.0,273085629.0,1461916690.0,10990233.0,2.28,1.74,2.77,6.4,4.9,7.8,
Region 4A: CALABARZON,2014,7465112.0,2.9,1.8,7.3,10.5,320280912.0,2006907506.0,14038573.0,1.55,1.22,1.85,5.3,4.2,6.4,
MIMAROPA: Southwestern Tagalog Region,2014,580986.0,1.2,9.9,2.2,6.0,41529678.0,276139956.0,2918660.0,2.78,2.25,3.24,7.1,5.5,8.8,
Region 5: Bicol Region,2014,9615771.0,4.2,9.7,4.1,9.9,98493385.0,366663555.0,5719147.0,2.72,2.16,3.21,7.5,5.4,9.6,
Region 6: Western Visayas,2014,-7722981.0,6.4,7.6,4.3,13.6,77105459.0,615916323.0,7447870.0,1.97,1.54,2.36,5.5,4.0,6.9,
Region 7: Central Visayas,2014,1646648.0,5.9,6.1,3.8,16.0,158426246.0,829547258.0,7271699.0,2.68,1.91,3.36,7.9,5.7,10.1,
Region 8: Eastern Visayas,2014,2233166.0,3.1,7.5,4.1,14.8,105230806.0,305697115.0,4365658.0,2.76,2.17,3.28,10.1,8.3,11.9,
Region 9: Zamboanga Peninsula,2014,6208706.0,2.2,11.0,2.7,8.4,70096692.0,276633110.0,3587546.0,1.22,0.86,1.6,7.9,6.8,9.0,
Region 10: Northern Mindanao,2014,-2773093.0,3.4,10.8,3.6,10.2,90824223.0,569991317.0,4609002.0,3.62,2.87,4.3,6.3,4.7,8.0,
Region 11: Davao Region,2014,-1121475.0,3.7,13.5,3.2,9.0,116373706.0,555456044.0,4804572.0,3.48,2.76,4.11,6.4,5.4,7.3,
Region 12: SOCCSKSARGEN,2014,3036139.0,3.9,10.4,3.0,4.8,56883662.0,352653227.0,3978834.0,1.14,0.64,1.95,4.9,4.4,5.4,
CARAGA: Cordillera Administrative Region,2014,4461069.0,1.7,10.2,2.0,5.5,84487402.0,223865240.0,2562283.0,2.28,1.71,3.56,7.5,6.6,8.4,
BARMM: Bangsamoro Autonomous Region in Muslim Mindanao,2014,-837931.0,0.8,17.2,3.1,15.4,26461092.0,178403975.0,4137081.0,19.02,18.54,19.53,19.2,18.4,20.3,
PHILIPPINES,2015,-125424625.0,19.3,12.2,100.0,12.0,2975815372.0,13944157448.0,100833371.0,2.69,2.01,3.3,6.6,4.9,8.3,
NCR: National Capital Region,2015,-78887754.0,23.0,7.9,40.6,10.9,1072923782.0,4532443704.0,12859211.0,2.05,1.45,2.61,5.1,3.6,6.5,
CAR: Cordillera Administrative Region,2015,-1869509.0,2.1,9.9,2.0,9.3,29049288.0,243673958.0,1720134.0,1.9,1.36,2.39,6.2,3.2,9.2,
Region 1: Ilocos Region,2015,20010380.0,4.0,9.5,4.0,15.6,113489548.0,449373363.0,5021171.0,1.13,0.83,1.41,6.1,4.4,7.7,
Region 2: Cagayan Valley,2015,-6693576.0,2.4,10.6,2.2,10.3,77480450.0,303113509.0,3447468.0,1.74,0.98,2.42,6.4,4.4,8.3,
Region 3: Central Luzon,2015,14886473.0,10.7,10.9,7.0,12.0,351251636.0,1511232438.0,11199069.0,1.45,0.93,1.93,7.0,5.4,8.5,
Region 4A: CALABARZON,2015,-89593345.0,2.6,23.6,7.4,13.4,303867486.0,2076801161.0,14387196.0,1.76,1.54,2.21,4.7,3.5,5.9,
MIMAROPA: Southwestern Tagalog Region,2015,-5855580.0,1.2,10.2,2.2,11.4,36665567.0,274605684.0,2959491.0,1.66,0.89,2.35,6.2,4.3,8.0,
Region 5: Bicol Region,2015,-4034708.0,4.1,10.0,4.2,8.0,104978578.0,395256951.0,5790307.0,2.54,1.92,3.09,8.3,5.9,10.7,
Region 6: Western Visayas,2015,-15516499.0,6.2,11.2,4.5,14.6,95430431.0,667996261.0,7528646.0,1.76,1.02,2.4,6.8,4.8,8.7,
Region 7: Central Visayas,2015,17167841.0,5.6,9.7,4.0,15.7,158168742.0,889023020.0,7386344.0,1.85,1.07,2.89,6.1,4.3,7.9,
Region 8: Eastern Visayas,2015,16425053.0,3.0,13.8,4.3,15.6,131806587.0,324929357.0,4434152.0,2.01,1.22,2.7,8.3,6.0,10.5,
Region 9: Zamboanga Peninsula,2015,11937143.0,2.2,10.2,2.7,9.7,97615263.0,300939935.0,3625830.0,3.73,2.87,4.49,7.4,5.3,9.5,
Region 10: Northern Mindanao,2015,2077925.0,3.4,7.2,3.7,11.3,109130053.0,609017243.0,4682374.0,3.0,1.99,3.9,8.0,6.1,10.0,
Region 11: Davao Region,2015,5651865.0,3.7,6.1,3.2,14.9,127020224.0,602911849.0,4885808.0,1.9,0.99,2.72,7.2,5.4,8.9,
Region 12: SOCCSKSARGEN,2015,-2483260.0,3.9,5.6,2.9,11.7,57452641.0,354753546.0,4046956.0,3.15,2.37,3.87,8.2,6.9,9.5,
CARAGA: Cordillera Administrative Region,2015,-2583334.0,1.7,10.6,1.9,9.2,90681727.0,235177755.0,2593738.0,2.84,2.14,3.47,8.3,7.0,9.7,
BARMM: Bangsamoro Autonomous Region in Muslim Mindanao,2015,-6063739.0,0.9,2.8,3.3,14.2,18803370.0,172907713.0,4265476.0,17.17,16.04,18.33,9.6,8.9,10.4,
PHILIPPINES,2016,-58265758.0,19.7,16.7,100.0,10.0,3725365802.0,15132381470.0,102530196.0,,,,,,,
NCR: National Capital Region,2016,-61168427.0,22.5,7.2,40.2,9.0,1268840988.0,4928222539.0,13066832.0,,,,,,,
CAR: Cordillera Administrative Region,2016,2845014.0,2.1,11.0,1.9,10.2,32105379.0,255584787.0,1739380.0,,,,,,,
Region 1: Ilocos Region,2016,161771.0,4.0,10.2,4.2,10.5,131580148.0,490900560.0,5076184.0,,,,,,,
Region 2: Cagayan Valley,2016,833107.0,2.4,5.0,2.2,10.1,95196604.0,323458416.0,3493662.0,,,,,,,
Region 3: Central Luzon,2016,8706663.0,10.8,7.6,7.0,10.9,421665953.0,1640708336.0,11437442.0,,,,,,,
Region 4A: CALABARZON,2016,-7623979.0,2.9,4.3,7.5,11.0,517220942.0,2206254090.0,14741686.0,,,,,,,
MIMAROPA: Southwestern Tagalog Region,2016,-10614285.0,1.2,22.6,2.2,10.8,36490353.0,287300274.0,3006430.0,,,,,,,
Region 5: Bicol Region,2016,8943283.0,4.1,5.7,4.0,10.1,134334431.0,431762419.0,5865520.0,,,,,,,
Region 6: Western Visayas,2016,3271575.0,6.3,9.1,4.6,10.4,119446427.0,720566797.0,7610389.0,,,,,,,
Region 7: Central Visayas,2016,3895526.0,5.6,11.8,4.1,11.3,216329082.0,977480106.0,7511565.0,,,,,,,
Region 8: Eastern Visayas,2016,-6192257.0,3.1,4.1,4.4,10.5,164434444.0,376587299.0,4495990.0,,,,,,,
Region 9: Zamboanga Peninsula,2016,-6384262.0,2.2,4.1,2.7,11.2,97392497.0,322282583.0,3660328.0,,,,,,,
Region 10: Northern Mindanao,2016,7337077.0,3.3,9.6,3.6,10.4,144180307.0,679435851.0,4755673.0,,,,,,,
Region 11: Davao Region,2016,12028030.0,3.6,6.9,3.3,12.1,152803010.0,674076172.0,4967320.0,,,,,,,
Region 12: SOCCSKSARGEN,2016,-10154873.0,3.7,6.1,2.8,10.9,65126975.0,381711706.0,4120287.0,,,,,,,
CARAGA: Cordillera Administrative Region,2016,-1508303.0,1.7,8.6,1.9,11.4,100128554.0,251476878.0,2627491.0,,,,,,,
BARMM: Bangsamoro Autonomous Region in Muslim Mindanao,2016,-2641420.0,0.8,6.4,3.3,9.9,28089708.0,184572658.0,4354017.0,,,,,,,
PHILIPPINES,2017,-15471546.0,21.2,4.9,100.0,17.3,4231677010.0,16556651083.0,104169230.0,,,,,,,
NCR: National Capital Region,2017,-3527878.0,22.3,11.2,39.8,17.3,1391592148.0,5327124065.0,13264805.0,,,,,,,
CAR: Cordillera Administrative Region,2017,-1400306.0,2.1,10.4,1.9,17.1,35881923.0,280805810.0,1757717.0,,,,,,,
Region 1: Ilocos Region,2017,1990840.0,4.1,9.8,4.2,17.1,163128777.0,527801491.0,5128542.0,,,,,,,
Region 2: Cagayan Valley,2017,-1813875.0,2.3,11.7,2.2,18.3,113995195.0,358686602.0,3537703.0,,,,,,,
Region 3: Central Luzon,2017,-2730350.0,10.7,13.0,7.1,17.9,513606387.0,1860323671.0,11667642.0,,,,,,,
Region 4A: CALABARZON,2017,4054462.0,2.8,46.1,7.5,18.3,630500072.0,2423069480.0,15085285.0,,,,,,,
MIMAROPA: Southwestern Tagalog Region,2017,-5470926.0,1.4,-63.0,2.2,17.4,55532730.0,321948705.0,3051342.0,,,,,,,
Region 5: Bicol Region,2017,2236237.0,4.0,11.8,4.0,12.9,142545107.0,465966050.0,5937321.0,,,,,,,
Region 6: Western Visayas,2017,-2277977.0,6.3,11.7,4.6,23.4,132134843.0,791281769.0,7688734.0,,,,,,,
Region 7: Central Visayas,2017,-1260411.0,5.7,13.7,4.2,19.7,220634348.0,1067272679.0,7631003.0,,,,,,,
Region 8: Eastern Visayas,2017,-7210397.0,3.0,7.2,4.4,8.2,146448787.0,397386688.0,4557614.0,,,,,,,
Region 9: Zamboanga Peninsula,2017,1193982.0,2.1,12.9,2.7,19.8,103191607.0,344667607.0,3693191.0,,,,,,,
Region 10: Northern Mindanao,2017,2757062.0,3.3,5.5,3.6,15.8,148099836.0,737898187.0,4825658.0,,,,,,,
Region 11: Davao Region,2017,1444163.0,3.6,12.2,3.4,22.8,200147009.0,748538551.0,5048419.0,,,,,,,
Region 12: SOCCSKSARGEN,2017,218198.0,3.6,14.9,2.9,13.3,84449083.0,420127877.0,4190004.0,,,,,,,
CARAGA: Cordillera Administrative Region,2017,-5406063.0,1.7,-1.0,1.9,18.1,115687853.0,273088164.0,2660236.0,,,,,,,
BARMM: Bangsamoro Autonomous Region in Muslim Mindanao,2017,1731693.0,0.8,48.5,3.3,17.5,34101305.0,210663685.0,4444014.0,,,,,,,
PHILIPPINES,2018,-26943785.0,20.0,2.5,100.0,10.6,4959105466.0,18265190258.0,105755180.0,,,,,,,100.0
NCR: National Capital Region,2018,-8952050.0,22.3,13.7,39.8,11.3,1640251453.0,5814440130.0,13453701.0,,,,,,,
CAR: Cordillera Administrative Region,2018,-12287003.0,2.1,14.9,1.9,7.6,32266092.0,308267122.0,1775210.0,,,,,,,100.0
Region 1: Ilocos Region,2018,-344781.0,4.0,7.7,4.2,8.0,193759545.0,587597251.0,5178410.0,,,,,,,100.0
Region 2: Cagayan Valley,2018,-1033799.0,2.3,13.7,2.2,8.6,134311405.0,385061271.0,3579715.0,,,,,,,100.0
Region 3: Central Luzon,2018,5584131.0,10.9,11.4,7.1,10.3,590017254.0,2062393875.0,11890314.0,,,,,,,100.0
Region 4A: CALABARZON,2018,8412077.0,3.7,-4.1,7.6,10.5,712401187.0,2706994745.0,15418944.0,,,,,,,100.0
MIMAROPA: Southwestern Tagalog Region,2018,813229.0,0.5,163.8,2.2,4.9,78995250.0,370744808.0,3094357.0,,,,,,,100.0
Region 5: Bicol Region,2018,-487965.0,4.0,13.7,3.9,14.4,181534196.0,522014835.0,6005949.0,,,,,,,100.0
Region 6: Western Visayas,2018,-3692731.0,6.4,3.3,4.8,9.0,155804331.0,860107768.0,7763898.0,,,,,,,100.0
Region 7: Central Visayas,2018,-2452424.0,5.9,11.7,4.3,9.7,257710115.0,1180945761.0,7745017.0,,,,,,,100.0
Region 8: Eastern Visayas,2018,-9594820.0,2.9,16.2,4.1,8.5,181598780.0,444384029.0,4619183.0,,,,,,,100.0
Region 9: Zamboanga Peninsula,2018,-1414695.0,2.1,17.5,2.7,7.6,111476636.0,379428020.0,3724550.0,,,,,,,100.0
Region 10: Northern Mindanao,2018,1532626.0,3.2,18.0,3.6,20.3,172667000.0,821122015.0,4892512.0,,,,,,,100.0
Region 11: Davao Region,2018,-205906.0,3.6,15.5,3.5,10.6,240582476.0,841429225.0,5129342.0,,,,,,,100.0
Region 12: SOCCSKSARGEN,2018,-1259801.0,3.7,0.0,2.8,6.5,100721169.0,454304549.0,4256317.0,,,,,,,100.0
CARAGA: Cordillera Administrative Region,2018,-1475698.0,1.5,18.9,1.9,12.4,132342879.0,290561794.0,2692072.0,,,,,,,100.0
BARMM: Bangsamoro Autonomous Region in Muslim Mindanao,2018,-84176.0,1.0,14.0,3.3,9.8,42665699.0,235393060.0,4535689.0,,,,,,,100.0
PHILIPPINES,2019,-148526300.0,18.6,41.8,100.0,12.6,5153068851.0,19517863172.0,107288150.0,,,,,,,94.375
NCR: National Capital Region,2019,-170725161.0,23.0,-15.1,40.0,13.6,1598461505.0,6294194685.0,13633497.0,,,,,,,
CAR: Cordillera Administrative Region,2019,-21374032.0,2.2,10.4,1.9,9.2,23666821.0,322106088.0,1791881.0,,,,,,,85.475
Region 1: Ilocos Region,2019,3195818.0,3.9,26.1,4.1,9.6,228616710.0,630300658.0,5225800.0,,,,,,,89.775
Region 2: Cagayan Valley,2019,4908941.0,2.4,23.6,2.2,10.8,146410694.0,399370781.0,3619689.0,,,,,,,88.8
Region 3: Central Luzon,2019,-34811984.0,11.0,12.3,7.1,11.2,610978504.0,2184815143.0,12105494.0,,,,,,,88.6
Region 4A: CALABARZON,2019,98541144.0,3.2,-18.8,7.6,12.1,766853055.0,2865792547.0,15742673.0,,,,,,,100.225
MIMAROPA: Southwestern Tagalog Region,2019,14079039.0,1.1,-11.5,2.1,11.6,88406153.0,375589553.0,3135503.0,,,,,,,87.15
Region 5: Bicol Region,2019,-1902098.0,4.1,16.8,4.0,11.0,202053823.0,560835429.0,6071398.0,,,,,,,91.05
Region 6: Western Visayas,2019,3767878.0,6.0,23.9,4.8,10.1,176527730.0,919163055.0,7835883.0,,,,,,,99.25
Region 7: Central Visayas,2019,1950007.0,5.9,7.3,4.2,12.7,303559170.0,1270612311.0,7853606.0,,,,,,,91.175
Region 8: Eastern Visayas,2019,7516530.0,3.0,3.0,4.0,11.5,196623541.0,455533643.0,4680701.0,,,,,,,94.175
Region 9: Zamboanga Peninsula,2019,-3490358.0,2.2,21.6,2.7,14.6,110388664.0,399109397.0,3754387.0,,,,,,,94.225
Region 10: Northern Mindanao,2019,10024531.0,3.4,11.8,3.9,15.1,192933853.0,885223985.0,4956259.0,,,,,,,97.475
Region 11: Davao Region,2019,-28611108.0,3.8,17.2,3.5,13.9,266581670.0,922613763.0,5210081.0,,,,,,,95.55
Region 12: SOCCSKSARGEN,2019,-8912174.0,3.4,18.8,2.7,12.1,87197719.0,474892618.0,4319226.0,,,,,,,96.425
CARAGA: Cordillera Administrative Region,2019,-24356137.0,1.6,17.0,1.9,11.5,105200111.0,302930146.0,2723012.0,,,,,,,94.1
BARMM: Bangsamoro Autonomous Region in Muslim Mindanao,2019,1672864.0,1.1,70.4,3.3,13.4,48609129.0,254779370.0,4629060.0,,,,,,,98.6
PHILIPPINES,2020,-695464321.0,23.4,,100.0,10.3,3129565862.0,17951573570.0,108771978.0,,,,,,,95.05
NCR: National Capital Region,2020,-261889025.0,17.3,,40.4,10.9,960095438.0,5800819179.0,13804656.0,,,,,,,
CAR: Cordillera Administrative Region,2020,-9164951.0,2.1,,1.8,8.6,31273604.0,295502542.0,1807738.0,,,,,,,64.35
Region 1: Ilocos Region,2020,-12806475.0,4.4,,4.0,8.5,172416085.0,597917300.0,5270807.0,,,,,,,79.375
Region 2: Cagayan Valley,2020,-14374477.0,2.6,,2.1,15.0,95318052.0,367331248.0,3657741.0,,,,,,,76.1
Region 3: Central Luzon,2020,-162144251.0,11.0,,7.0,12.1,283879955.0,1864111182.0,12313718.0,,,,,,,79.125
Region 4A: CALABARZON,2020,-152583773.0,2.3,,7.6,8.3,298782200.0,2565120461.0,16057299.0,,,,,,,102.875
MIMAROPA: Southwestern Tagalog Region,2020,-17843634.0,0.9,,2.1,10.2,45361975.0,342643478.0,3174859.0,,,,,,,67.975
Region 5: Bicol Region,2020,-6441298.0,4.3,,3.9,9.4,153689482.0,516847516.0,6133836.0,,,,,,,79.6
Region 6: Western Visayas,2020,5302810.0,6.6,,4.7,9.1,133826656.0,850797186.0,7904899.0,,,,,,,97.55
Region 7: Central Visayas,2020,-7527662.0,5.7,,4.2,9.6,196171280.0,1170115820.0,7957046.0,,,,,,,82.0
Region 8: Eastern Visayas,2020,3934068.0,2.8,,4.0,9.1,126141784.0,414265871.0,4742337.0,,,,,,,76.55
Region 9: Zamboanga Peninsula,2020,-3551724.0,2.4,,2.7,7.3,94073493.0,394821669.0,3782761.0,,,,,,,84.625
Region 10: Northern Mindanao,2020,-22026289.0,3.4,,4.0,10.2,130909555.0,860415357.0,5017051.0,,,,,,,92.95
Region 11: Davao Region,2020,-2442350.0,3.9,,3.6,9.1,224410864.0,890607548.0,5290869.0,,,,,,,96.4
Region 12: SOCCSKSARGEN,2020,-9298649.0,3.6,,2.7,7.0,75773874.0,467334771.0,4378871.0,,,,,,,89.05
CARAGA: Cordillera Administrative Region,2020,-5423030.0,1.7,,1.9,8.8,83625938.0,292574562.0,2753109.0,,,,,,,89.275
BARMM: Bangsamoro Autonomous Region in Muslim Mindanao,2020,-17183612.0,1.6,,3.3,15.9,23815628.0,260347879.0,4724381.0,,,,,,,98.725
PHILIPPINES,2021,-216438323.0,,,100.0,,4111887238.0,19410568055.0,,,,,,,,103.025
NCR: National Capital Region,2021,-73053461.0,,,40.6,,1283778216.0,6157784762.0,,,,,,,,
CAR: Cordillera Administrative Region,2021,-23580868.0,,,1.8,,24347205.0,323711729.0,,,,,,,,79.825
Region 1: Ilocos Region,2021,-9173717.0,,,3.9,,199301927.0,643928511.0,,,,,,,,95.175
Region 2: Cagayan Valley,2021,-27952163.0,,,2.2,,93038750.0,399981012.0,,,,,,,,95.9
Region 3: Central Luzon,2021,-16635169.0,,,7.1,,478799528.0,2061962928.0,,,,,,,,107.425
Region 4A: CALABARZON,2021,-15075549.0,,,7.4,,518586252.0,2785911990.0,,,,,,,,120.95
MIMAROPA: Southwestern Tagalog Region,2021,752871.0,,,2.1,,76249821.0,382736604.0,,,,,,,,81.3
Region 5: Bicol Region,2021,-19629124.0,,,3.9,,168273510.0,564612777.0,,,,,,,,98.6
Region 6: Western Visayas,2021,-12227335.0,,,4.6,,132970199.0,937244700.0,,,,,,,,107.175
Region 7: Central Visayas,2021,15804194.0,,,4.2,,248790513.0,1237626585.0,,,,,,,,98.4
Region 8: Eastern Visayas,2021,-21651969.0,,,3.9,,116479313.0,450089271.0,,,,,,,,93.15
Region 9: Zamboanga Peninsula,2021,5772425.0,,,2.6,,113775166.0,428121991.0,,,,,,,,101.175
Region 10: Northern Mindanao,2021,-1655432.0,,,4.0,,164566009.0,949232042.0,,,,,,,,107.975
Region 11: Davao Region,2021,-4048336.0,,,3.5,,257595240.0,967227645.0,,,,,,,,110.85
Region 12: SOCCSKSARGEN,2021,-5780014.0,,,2.6,,87077953.0,503975596.0,,,,,,,,103.35
CARAGA: Cordillera Administrative Region,2021,-1896392.0,,,1.9,,100730468.0,331762932.0,,,,,,,,104.525
BARMM: Bangsamoro Autonomous Region in Muslim Mindanao,2021,-6408285.0,,,3.5,,47527167.0,284656980.0,,,,,,,,91.95
