4.1.s1 Completion Rate of elementary and secondary students 1/ 2/,Unnamed: 1,Unnamed: 2,Unnamed: 3,Unnamed: 4,Unnamed: 5,Unnamed: 6,Unnamed: 7,Unnamed: 8,Unnamed: 9,Unnamed: 10,Unnamed: 11,Unnamed: 12,Unnamed: 13,Unnamed: 14,Unnamed: 15,Unnamed: 16,Unnamed: 17,Unnamed: 18,Unnamed: 19,Unnamed: 20,Unnamed: 21,Unnamed: 22,Unnamed: 23,Unnamed: 24,Unnamed: 25
Year,,,2000,2001,2002,2003,2004,2005,2006,2007,2008,2009,2010,2011,2012,2013,2014,2015,2016,2017,2018.0,2019.0,2020.0,2021,2022
Geolocation,Level of Education,Sex,,,,,,,,,,,,,,,,,,,,,,,
PHILIPPINES,Elementary,Both Sexes,62.72,68.18,71.55,70.24,69.06,68.11,71.72,73.06,73.28,72.18,72.11,71.01,72.66,77.67,83.74,84.02,93.06,92.41,97.15,96.56,82.51,...,...
,,Female,65.53,70.7,76.32,75.63,75.2,73.46,76.7,78.29,77.89,77.54,77.14,75.7,77.17,81.33,86.23,87.43,95.52,94.61,99.12,98.08,84.68182829701155,...,...
,,Male,60.05,65.78,67.23,65.42,63.63,63.29,67.28,68.37,69.13,67.44,67.65,66.83,68.62,74.38,81.45,80.97,90.83,90.41,95.26,95.1,80.50053798362178,...,...
,Secondary (Junior High School),Both Sexes,70.07,69.97,74.81,71.67,72.38,61.66,72.14,75.37,75.24,73.55,75.06,74.4,74.64,76.25,77.77,74.03,80.91,84.32,88.84,85.75,82.11168396598917,...,...
,,Female,72.29,72.94,79.98,77.2,77.8,68.14,76.96,80.47,79.94,78.25,80.27,80.3,79.74,81.01,81.7,78.47,85.6,88.12,92.97,89.69,85.91605162260514,...,...
,,Male,67.66,66.72,69.5,66.03,66.87,55.06,67.17,70.15,70.44,68.83,69.88,68.61,69.6,71.57,73.93,69.68,76.2,80.52,84.73,81.89,78.41229599606429,...,...
,Secondary (Senior High School),Both Sexes,..,..,..,..,..,..,..,..,..,..,..,..,..,..,..,..,..,..,81.01,76.71,69.31776164979968,...,...
,,Female,..,..,..,..,..,..,..,..,..,..,..,..,..,..,..,..,..,..,84.78,80.45,74.60927396448665,...,...
,,Male,..,..,..,..,..,..,..,..,..,..,..,..,..,..,..,..,..,..,77.23,73.03,64.17112327161246,...,...
..National Capital Region (NCR),Elementary,Both Sexes,63.87,74.29,84.35,83.81,82.1,82.5,88.48,85.35,85.27,79.66,82.85,83.07,80.03,78.72,74.71,82.29,85.97,94.65,99.04,94.97,69.36,...,...
,,Female,66.58,75.66,87.65,87.28,85.51,85.01,91.3,89.37,87.46,83.11,86.54,85.9,83.77,81.3,77.56,84.88,87.43,96.05,100.0,95.7,71.64279840302743,...,...
,,Male,61.35,73,81.34,80.62,78.97,80.18,85.77,81.33,82.91,76.49,79.51,79.8,76.64,76.36,72.13,79.93,84.61,93.35,97.85,94.21,67.2565337480673,...,...
,Secondary (Junior High School),Both Sexes,68.16,68.43,75.51,73.36,77.33,65.87,71.62,78.71,79.6,75.8,75.91,79.08,76.68,76.33,77.27,74.23,80.29,90.62,92.8,87.31,73.64527371864305,...,...
,,Female,72.18,71.91,82.07,78.9,83.25,69.86,74,86.03,84.87,80.78,81.46,84.48,82.12,80.4,81.74,77.77,84.49,94.05,96.13,90.32,77.58622638233132,...,...
,,Male,63.88,64.57,68.87,67.72,71.46,61.81,66.62,71.64,74.35,70.94,70.56,73.83,71.47,72.38,73.04,70.82,76.13,87.22,89.49,84.37,69.86508362426143,...,...
,Secondary (Senior High School),Both Sexes,..,..,..,..,..,..,..,..,..,..,..,..,..,..,..,..,..,..,82.64,76.28,56.25539729251835,...,...
,,Female,..,..,..,..,..,..,..,..,..,..,..,..,..,..,..,..,..,..,86.92,79.62,61.92332017202875,...,...
,,Male,..,..,..,..,..,..,..,..,..,..,..,..,..,..,..,..,..,..,78.35,72.96,50.88189134422335,...,...
..Cordillera Administrative Region (CAR),Elementary,Both Sexes,61.95,59.55,77.61,73.9,69.46,67.53,74.99,71.7,75.81,77.13,71.79,78.86,78.23,82.61,86.43,86.22,93.51,91.64,97.52,95.81,94.56,...,...
,,Female,65.93,63.85,83.19,79.12,77.39,73.23,80.98,76.76,81.19,83.98,75.98,84.77,82.69,85.53,90.1,89.11,96.11,93.96,98.76,97.17,95.52397726482181,...,...
,,Male,58.28,55.6,72.33,69.21,62.65,62.42,69.72,67.23,71.11,71.13,68.07,73.7,74.26,79.97,83.09,83.67,91.19,89.57,96.2,94.57,93.65486415720751,...,...
,Secondary (Junior High School),Both Sexes,70.31,61.75,59.41,73.61,72.54,63.2,83.69,75.67,82.38,63.35,75.15,80.02,78.43,76.34,76.91,69.97,79.78,81.23,87.01,81.69,87.86047461554662,...,...
,,Female,73.34,64.15,68.1,78.38,80.76,71.43,89.65,82.36,89.2,72.33,81.12,89.73,85.51,82.86,83.43,77.25,86.53,87.13,93.18,87.61,91.15916145467932,...,...
,,Male,67.08,59.07,50.77,68.46,64.25,54.59,77.44,68.82,75.41,54.7,69.2,70.64,71.45,69.97,70.66,62.98,73.03,75.47,81.04,76.02,84.67936197139771,...,...
,Secondary (Senior High School),Both Sexes,..,..,..,..,..,..,..,..,..,..,..,..,..,..,..,..,..,..,81.07,76.25,81.1514538910687,...,...
,,Female,..,..,..,..,..,..,..,..,..,..,..,..,..,..,..,..,..,..,88.36,82.86,85.66875380275458,...,...
,,Male,..,..,..,..,..,..,..,..,..,..,..,..,..,..,..,..,..,..,73.88,69.88,76.67328830956397,...,...
..Region I,Elementary,Both Sexes,78.73,79.7,86.74,84.46,85.49,85.48,81.64,82.71,84.83,83.09,82.8,82.39,85.21,91.14,94.54,91.5,97.41,95.45,98.1,98.97,97.32,...,...
,,Female,81.44,82.37,90.61,87.6,89.37,90.13,84.86,86.1,87.34,86.82,85.95,85.76,87.97,93.44,95.56,93.01,98.94,96.3,99.25,99.54,97.89334556804243,...,...
,,Male,76.23,77.27,83.26,81.63,82.01,81.33,78.76,79.69,82.56,79.76,80.01,79.42,82.74,89.07,93.6,90.14,96.04,94.7,97.02,98.44,96.79322389976971,...,...
,Secondary (Junior High School),Both Sexes,73.38,75.35,79.29,75.53,77.81,72.09,84.19,82.34,81.21,80.39,78.78,75.02,80.27,82.48,83.57,76.44,86.57,87.82,90.89,89.12,91.96226052393231,...,...
,,Female,76.87,79.1,83.83,81.79,84.63,78.44,88.44,87.56,85.54,85.32,83.82,80.9,85.69,87.7,87.52,81,91.73,91.72,94.6,92.9,94.39209677157342,...,...
,,Male,69.82,71.58,74.83,69.48,71.23,65.87,80.01,77.28,77.01,75.71,74.04,69.54,75.16,77.6,79.86,72.19,81.68,84.1,87.35,85.58,89.67004933156329,...,...
,Secondary (Senior High School),Both Sexes,..,..,..,..,..,..,..,..,..,..,..,..,..,..,..,..,..,..,83.26,80.57,84.45021844490022,...,...
,,Female,..,..,..,..,..,..,..,..,..,..,..,..,..,..,..,..,..,..,86.38,84.22,88.05399920059904,...,...
,,Male,..,..,..,..,..,..,..,..,..,..,..,..,..,..,..,..,..,..,80.25,77.13,81.02765715733106,...,...
..Region II,Elementary,Both Sexes,70.75,74.07,72.6,78.63,75.5,76.4,78.49,78.06,80.45,78.25,77.47,73.08,82.02,87.88,87.06,89,95.01,93.59,97.56,97.51,98.56,...,...
,,Female,74.95,78.37,77.27,84.76,82.09,82.87,84.76,83.23,84.65,83.9,82.52,77.28,86.3,91.33,90.28,92.87,97.51,95.48,99.12,98.93,99.1308410037858,...,...
,,Male,66.9,70.13,68.4,73.24,69.78,70.72,73.06,73.47,76.69,73.35,73.06,69.36,78.22,84.8,84.19,85.57,92.76,91.87,96.13,96.13,97.8846240366255,...,...
,Secondary (Junior High School),Both Sexes,72.2,69.4,69.95,76.66,73.01,68.82,77.19,78.96,79.76,77.96,79.07,77.84,77.6,81.99,79.35,73.68,81.46,83.81,88.52,87.7,95.80683587831814,...,...
,,Female,73.78,71.88,74.04,81.23,78.18,74.58,81.34,82.98,83.73,82.21,82.57,82.95,82.56,85.68,84.01,78.9,85.88,88.15,92.63,91.53,98.25947813136384,...,...
,,Male,70.48,66.8,65.72,71.91,67.71,62.86,72.86,74.8,75.65,73.71,75.56,72.82,72.69,78.37,74.85,68.66,77.07,79.53,84.36,84.02,93.3944992621836,...,...
,Secondary (Senior High School),Both Sexes,..,..,..,..,..,..,..,..,..,..,..,..,..,..,..,..,..,..,82.32,80.76,90.35610770565052,...,...
,,Female,..,..,..,..,..,..,..,..,..,..,..,..,..,..,..,..,..,..,86.12,84.19,94.49041923226925,...,...
,,Male,..,..,..,..,..,..,..,..,..,..,..,..,..,..,..,..,..,..,78.47,77.44,86.23693235745421,...,...
..Region III,Elementary,Both Sexes,75.06,74.63,81.14,83.25,78.48,80.16,82.16,80.68,81.35,81.87,80.22,80.32,82.59,90.8,88.93,89.14,98.05,96.02,99.13,98.67,86.62,...,...
,,Female,78.71,78.39,85.51,88.64,82.84,84.91,86.22,84.7,85.29,86.08,84.92,84.32,86.21,93.44,91.66,91.87,99.46,97.61,99.98,99.58,86.85542547734023,...,...
,,Male,71.75,71.29,77.27,78.5,74.6,75.96,78.55,77.09,77.83,78.16,76.1,76.77,79.36,88.43,86.49,86.69,96.28,94.54,98.01,97.54,82.56038229465358,...,...
,Secondary (Junior High School),Both Sexes,75.19,70.72,72.88,71.3,76.57,70.26,74.57,76.58,76.29,76.14,77.76,75.21,76,82.98,79.23,72.44,84.85,85.96,90.41,89.7,84.01234849712648,...,...
,,Female,79.3,74.61,78.84,77,82.4,76.91,79.55,81.81,80.57,81.93,83.22,80.86,81.12,86.97,83.43,76.31,89.05,89.9,93.91,92.8,87.88574132298861,...,...
,,Male,71.01,66.74,66.96,65.64,70.78,63.65,69.6,71.44,72.06,70.62,72.51,69.84,71.11,79.13,75.27,68.75,80.75,82.14,86.96,86.71,80.3256454484575,...,...
,Secondary (Senior High School),Both Sexes,..,..,..,..,..,..,..,..,..,..,..,..,..,..,..,..,..,..,81.76,77.12,72.07268501608172,...,...
,,Female,..,..,..,..,..,..,..,..,..,..,..,..,..,..,..,..,..,..,84.95,79.89,77.75662475067074,...,...
,,Male,..,..,..,..,..,..,..,..,..,..,..,..,..,..,..,..,..,..,78.57,74.44,66.70525168520189,...,...
..Region IV-A3/,Elementary,Both Sexes,68.21,80.87,77.91,76.5,77.96,76.98,81.83,79.29,81.62,84.84,82.14,85.42,84.81,72.54,92.29,88.46,99.53,98.44,99.8,99.45,78.03,...,...
,,Female,71.98,83.74,82.09,81.49,83.1,82.26,86.13,84.62,86.07,89.33,87.54,89.05,89.72,76.27,94.24,91.05,99.74,99.62,100.0,99.82,80.60771823485791,...,...
,,Male,64.73,78.18,74.15,72.07,73.39,72.27,77.99,74.54,77.63,80.15,77.37,81.55,80.47,69.25,90.47,86.12,99.3,97.19,98.74,98.77,75.66110316522705,...,...
,Secondary (Junior High School),Both Sexes,74.79,76.79,77.13,77.91,74.93,68.42,80.09,80.64,81,81.17,79.79,84.01,82.32,77.92,82.27,81.56,88.85,90.72,93.22,90.12,81.49789878312576,...,...
,,Female,77.75,79.64,83,84.23,80.65,75.75,86.24,86.81,86.93,88.81,85.55,89.15,87.3,83.36,85.3,84.92,93.09,93.77,96.35,92.92,85.64039854168522,...,...
,,Male,71.65,73.69,71.35,71.69,69.25,61.22,73.9,74.53,75.12,74.18,74.16,78.99,77.54,72.76,79.33,78.27,84.68,87.71,89.79,87.41,77.56288941396346,...,...
,Secondary (Senior High School),Both Sexes,..,..,..,..,..,..,..,..,..,..,..,..,..,..,..,..,..,..,81.66,79.68,64.19993874135481,...,...
,,Female,..,..,..,..,..,..,..,..,..,..,..,..,..,..,..,..,..,..,85.25,82.79,69.86953780806894,...,...
,,Male,..,..,..,..,..,..,..,..,..,..,..,..,..,..,..,..,..,..,77.8,76.63,58.854251331124466,...,...
..MIMAROPA3/,Elementary,Both Sexes,..,..,69.19,70.42,68.81,67.17,70.04,68.06,71.64,69.38,72.92,72.38,74.17,78.06,86.88,90.21,92.05,93.17,94.8,96.65,90.55,...,...
,,Female,..,..,75.02,76.17,75.84,73.76,76.1,72.43,76.54,74.39,78.95,77.46,79.8,81.99,89.52,94.1,94.65,95.75,97.14,98.42,92.31964000705447,...,...
,,Male,..,..,63.99,65.32,62.65,61.35,64.69,64.14,67.27,64.98,67.68,67.9,69.24,74.57,84.47,86.81,89.72,90.85,92.65,95.0,88.89211512366482,...,...
,Secondary (Junior High School),Both Sexes,..,..,76.83,72.25,71.2,52.76,73.22,72.59,72.56,73.13,70.4,72.82,76.63,76.75,77.44,76.6,78.7,83.89,83.17,85.19,84.39369684032266,...,...
,,Female,..,..,80.71,76.14,76.3,58.75,78.83,76.58,76.48,78.96,75.97,79.88,82.12,81.7,81.98,81.3,83.32,88.17,87.63,89.24,88.75949658193373,...,...
,,Male,..,..,72.6,68.16,65.9,46.6,67.47,68.36,68.5,67.43,64.86,66.02,71.24,71.89,73,72.01,74.03,79.66,78.79,81.28,80.1954784632434,...,...
,Secondary (Senior High School),Both Sexes,..,..,..,..,..,..,..,..,..,..,..,..,..,..,..,..,..,..,70.69,72.04,72.90367006636758,...,...
,,Female,..,..,..,..,..,..,..,..,..,..,..,..,..,..,..,..,..,..,74.48,75.79,78.93000650071251,...,...
,,Male,..,..,..,..,..,..,..,..,..,..,..,..,..,..,..,..,..,..,66.95,68.38,67.10545907476546,...,...
..Region V,Elementary,Both Sexes,64.7,70.17,76.1,71.7,74.32,71.69,73.04,74.36,74.39,74.45,74.54,74.78,76.82,84.95,86.25,85.44,94.59,93.22,96.43,95.6,77.47,...,...
,,Female,66.91,74.13,81.31,77.94,80.78,78.18,78.46,79.29,79.32,79.37,80.04,80.18,81.85,89.02,89.38,88.72,97.36,95.38,98.66,97.72,80.21423338506219,...,...
,,Male,62.58,66.51,71.4,66.18,68.56,65.93,68.2,69.96,70.02,70.1,69.72,70.04,72.41,81.31,83.43,82.52,92.11,91.29,94.41,93.65,74.95884311800924,...,...
,Secondary (Junior High School),Both Sexes,68.3,67.92,77.81,69.74,70.55,54.25,70.32,74.05,73.14,73.61,73,71.43,71.88,75.48,76.37,69.45,76.15,83.19,86.43,82.52,67.84886625240013,...,...
,,Female,71.02,72.05,82.82,75.39,75.63,61.3,76.04,77.81,78.2,78.27,80.49,78.57,78.93,81.7,82.52,76.05,82.6,87.85,92.07,87.72,74.01014068729856,...,...
,,Male,65.31,63.5,72.6,63.95,65.32,46.95,64.24,69.95,67.95,68.87,65.67,64.46,65,69.4,70.46,63.1,69.63,78.46,80.84,77.53,62.089740204535936,...,...
,Secondary (Senior High School),Both Sexes,..,..,..,..,..,..,..,..,..,..,..,..,..,..,..,..,..,..,78.34,72.83,51.05055270405532,...,...
,,Female,..,..,..,..,..,..,..,..,..,..,..,..,..,..,..,..,..,..,83.2,77.48,57.42852294447712,...,...
,,Male,..,..,..,..,..,..,..,..,..,..,..,..,..,..,..,..,..,..,73.5,68.35,45.09884586598221,...,...
..Region VI,Elementary,Both Sexes,65.45,63.88,60.21,68.05,67.44,66.3,70.62,71.87,72.6,72.54,71.15,74.61,78.59,85.68,90.09,88.94,94.76,94.12,97.03,96.7,93.46,...,...
,,Female,63.94,62.46,63.02,75.08,75.98,74.38,78.15,78.95,78.94,79.39,77.87,80.84,84.53,89.64,92.65,92.98,97.62,97.05,98.81,98.13,95.1076520218155,...,...
,,Male,66.95,65.29,57.47,61.97,60.18,59.35,64.14,65.78,67.12,66.69,65.42,69.2,73.4,82.15,87.77,85.41,92.23,91.55,95.42,95.4,91.94108132591964,...,...
,Secondary (Junior High School),Both Sexes,67.93,71.47,73.28,75.37,72.82,61.21,70,75.52,76.35,76.27,74.64,75.46,75.71,78.34,81.87,74.79,81.92,84.7,88.53,85.19,93.50669345700297,...,...
,,Female,63.34,72.48,80.59,82.13,80.02,69.35,76.96,80.78,81.94,80.69,80.17,81.98,81.48,83.32,86.64,80.45,87.77,89.28,92.38,89.82,95.18753729499987,...,...
,,Male,74.61,70.03,65.69,68.6,65.62,53.02,62.87,69.96,70.66,71.8,69.26,69.17,70.16,73.56,77.41,69.48,76.18,80.17,84.74,80.77,91.87510372420033,...,...
,Secondary (Senior High School),Both Sexes,..,..,..,..,..,..,..,..,..,..,..,..,..,..,..,..,..,..,79.46,77.24,85.19694765122162,...,...
,,Female,..,..,..,..,..,..,..,..,..,..,..,..,..,..,..,..,..,..,83.13,81.6,89.31104212684092,...,...
,,Male,..,..,..,..,..,..,..,..,..,..,..,..,..,..,..,..,..,..,75.75,72.73,81.08519477110403,...,...
..Region VII,Elementary,Both Sexes,68.96,71.52,79.66,70.93,70.99,69.3,77.85,78.38,78.83,76.84,76.56,80.37,80.86,85.82,86.09,88.49,94.93,92.16,98.59,96.3,82.69,...,...
,,Female,73.5,74.61,86.24,78.44,80.2,77.39,84.2,84.91,84.68,83.3,82.85,86.83,87.45,90.3,90.33,93.69,96.5,95.04,100.0,98.07,85.07644296409859,...,...
,,Male,64.61,68.45,73.72,64.34,63.02,62.09,72.13,72.53,73.57,71.22,71.05,74.67,75.03,81.81,82.31,83.08,93.26,89.59,96.57,94.45,80.50276173646168,...,...
,Secondary (Junior High School),Both Sexes,71.54,68.64,81.14,69.45,70.55,53.43,70.27,72.59,73.32,73.12,75.35,74.56,74.36,78.45,75.77,75.3,78.33,83.88,92.29,83.76,79.18644440770781,...,...
,,Female,73.15,73.28,82.56,77.04,75.77,62.58,76.31,80.34,78.52,78.9,80.72,82.47,80.84,85.11,81.96,80.6,84.46,88.8,95.51,89.02,83.41156832170549,...,...
,,Male,69.56,63.3,79.6,61.85,65.24,44.33,63.93,64.71,67.9,67.29,70.01,67.06,68.07,72.03,69.89,70.07,72.21,78.99,88.06,78.67,75.08313153465029,...,...
,Secondary (Senior High School),Both Sexes,..,..,..,..,..,..,..,..,..,..,..,..,..,..,..,..,..,..,86.49,77.4,67.31807950980419,...,...
,,Female,..,..,..,..,..,..,..,..,..,..,..,..,..,..,..,..,..,..,89.81,82.69,72.99751912699881,...,...
,,Male,..,..,..,..,..,..,..,..,..,..,..,..,..,..,..,..,..,..,81.54,71.26,61.82018400766536,...,...
..Region VIII,Elementary,Both Sexes,56.84,63.64,64.43,68.19,68.99,58.44,65.39,69.51,71.65,69.46,71.79,66.11,74.04,80.9,85.37,87.94,94.25,93.32,94.13,95.48,95.23336964130102,...,...
,,Female,62.39,67.98,71.93,76.53,77.8,65.11,71.1,75.76,78.32,75.79,77.73,72.18,79.34,85.78,88.32,92.06,97.05,95.87,96.94,96.79,96.7255849525635,...,...
,,Male,51.73,59.57,57.81,60.94,61.33,52.54,60.14,63.93,65.81,64.04,66.63,60.9,69.45,76.64,82.73,84.3,91.71,91.04,91.61,94.26,93.84357719530054,...,...
,Secondary (Junior High School),Both Sexes,64.25,64.9,63.49,68.88,71.67,54.1,69.02,69.68,70.56,69.88,69.7,67.78,70.66,74.06,69.16,70.14,75.31,79.29,82.62,81.77,89.4398617982444,...,...
,,Female,66.44,67.38,67.31,73.5,76.28,59.36,72.75,72.61,74.56,72.87,74.24,74.16,75.69,79.47,73.71,75.88,80.94,84.49,87.76,86.8,93.42314037081383,...,...
,,Male,61.72,62.05,59.41,64.03,66.8,48.52,65.03,66.49,66.29,66.69,65.05,61.46,65.57,68.7,64.79,64.63,69.68,74.1,77.54,76.86,85.55364945278997,...,...
,Secondary (Senior High School),Both Sexes,..,..,..,..,..,..,..,..,..,..,..,..,..,..,..,..,..,..,75.54,73.49,82.50550388063633,...,...
,,Female,..,..,..,..,..,..,..,..,..,..,..,..,..,..,..,..,..,..,79.31,77.38,87.93789767316056,...,...
,,Male,..,..,..,..,..,..,..,..,..,..,..,..,..,..,..,..,..,..,71.78,69.72,77.17285985547201,...,...
..Region IX,Elementary,Both Sexes,51.01,48.56,47.47,56.41,54.02,53.8,58.6,60.14,58.77,59.84,58.72,59.93,55.49,60.78,92.86,79.7,85.75,89.73,97.02,94.94,84.45786746776032,...,...
,,Female,56.86,51.6,52.53,63.15,62.26,60.7,65.84,67.07,64.91,66.58,65.11,66.73,61.28,64.87,94.92,84.08,89.93,93.74,99.08,97.93,87.32174864075151,...,...
,,Male,45.74,45.74,43.11,50.55,47.05,47.82,52.38,54.07,53.45,54.11,53.27,54.09,50.5,57.12,90.69,75.82,82.04,86.15,94.24,92.14,81.75706369841477,...,...
,Secondary (Junior High School),Both Sexes,62.65,67.71,73.22,62.14,66.29,46.82,70.95,69.44,68.74,69.72,68.29,70.01,64.56,67.75,77.2,70.65,72.42,78.16,82.52,77.27,87.12404365636907,...,...
,,Female,64.32,70.15,75.04,68.56,71.63,52.36,73.74,74.19,72.47,71.49,72.97,75.56,69.53,72.91,79.77,76.14,77.73,82.43,88.59,82.93,90.09627214735903,...,...
,,Male,60.78,64.91,71.24,55.49,60.61,40.95,67.88,64.38,64.7,67.85,63.44,64.37,59.44,62.43,74.54,65.04,66.78,73.68,76.28,71.57,84.09045325838602,...,...
,Secondary (Senior High School),Both Sexes,..,..,..,..,..,..,..,..,..,..,..,..,..,..,..,..,..,..,75.14,68.39,77.00337843536857,...,...
,,Female,..,..,..,..,..,..,..,..,..,..,..,..,..,..,..,..,..,..,78.92,73.36,80.71941127023224,...,...
,,Male,..,..,..,..,..,..,..,..,..,..,..,..,..,..,..,..,..,..,71.25,63.18,73.14884431473332,...,...
..Region X,Elementary,Both Sexes,61.11,62.65,66.28,65.97,58.06,59.73,65.87,67.94,68.67,64.46,65.47,63.84,63.25,72.12,82.57,83.98,91.92,90.07,94.78,94.44,82.90732492745173,...,...
,,Female,66.08,67.06,71.14,73.15,65.31,66.53,72.11,73.93,74.66,71.95,71.9,70.28,68.47,77.99,86.48,89.07,95.11,93.78,96.68,96.74,85.7430952305051,...,...
,,Male,56.62,58.67,61.95,59.75,51.82,53.76,60.43,62.66,63.39,58.1,59.88,58.22,58.65,66.95,79.01,79.49,89.03,86.76,92.78,92.32,80.29802307615266,...,...
,Secondary (Junior High School),Both Sexes,68.1,67.44,79.56,62.73,61.21,57.23,66.38,71.68,70.38,65.87,79.94,64.97,72.22,69.11,76.94,72.1,79.79,79.03,86.28,82.2,83.11686557286312,...,...
,,Female,72.22,71.26,82.56,67.23,67.08,63.02,71.56,76.16,75.4,70.92,83.55,71.38,77.86,73.15,81.62,77.24,84.84,83.68,90.18,85.8,86.76833981035054,...,...
,,Male,63.88,63.32,76.33,58,55.21,51.09,60.85,66.94,65.2,60.74,76.26,58.72,66.57,65,72.26,66.94,74.58,74.27,82.2,78.59,79.50828504322833,...,...
,Secondary (Senior High School),Both Sexes,..,..,..,..,..,..,..,..,..,..,..,..,..,..,..,..,..,..,78.32,73.29,74.57098728626106,...,...
,,Female,..,..,..,..,..,..,..,..,..,..,..,..,..,..,..,..,..,..,81.43,77.08,80.39951269150303,...,...
,,Male,..,..,..,..,..,..,..,..,..,..,..,..,..,..,..,..,..,..,74.25,69.24,68.67070168947407,...,...
..Region XI,Elementary,Both Sexes,60.19,67.55,68.51,64.66,62.47,56.59,57.22,65.49,62.72,66.97,63.7,61.62,64.52,75.51,83.34,88.84,92.22,92.11,96.65,95.29,73.48702482127726,...,...
,,Female,65.15,71.06,73.06,71.78,71.07,63.19,63.12,72.39,69.39,74.26,70.78,68.66,71.19,81.12,86.89,93.81,95.71,94.96,99.48,97.85,76.82570613861992,...,...
,,Male,55.69,64.23,64.19,58.47,55.11,50.83,52.06,59.42,56.96,60.73,57.65,55.59,58.78,70.56,80.13,84.43,89.09,89.54,93.44,92.88,70.40156119560103,...,...
,Secondary (Junior High School),Both Sexes,73.33,68.53,73.08,61.38,68.81,51.38,64.75,70.45,72.57,68.78,72.96,68.63,72.22,71.89,79.76,73.44,78.87,80.17,84.85,81.51,74.90926268733105,...,...
,,Female,76.54,70.92,79,66.73,73.35,59.06,69,74.28,77.73,70.44,81.34,74.95,77.03,76.36,82.37,78.21,83.23,83.94,90.5,86.45,79.38337241701367,...,...
,,Male,69.77,65.82,66.82,55.85,64.01,43.53,60.14,66.32,67.17,66.96,64.58,62.22,67.21,67.31,77.09,68.62,74.32,76.29,79.18,76.56,70.47724556263285,...,...
,Secondary (Senior High School),Both Sexes,..,..,..,..,..,..,..,..,..,..,..,..,..,..,..,..,..,..,78.53,72.25,58.74642177444313,...,...
,,Female,..,..,..,..,..,..,..,..,..,..,..,..,..,..,..,..,..,..,83.33,76.7,63.8902451027064,...,...
,,Male,..,..,..,..,..,..,..,..,..,..,..,..,..,..,..,..,..,..,73.64,67.46,53.643282789618006,...,...
..Region XII,Elementary,Both Sexes,46.77,51.07,62.25,63.36,60.58,58,62.07,65.46,66.01,62.29,63.35,63.36,66,73.6,93.31,83.68,86.06,91.08,94.71,96.01,87.07055042287614,...,...
,,Female,43.23,52.27,66.56,69.69,68.05,64.93,67.68,71.39,72.15,68.71,68.42,69.17,71.49,78.73,96.17,87.75,89.32,93.87,97.47,98.09,88.84056946059462,...,...
,,Male,49.73,49.93,58.39,57.71,53.99,51.82,56.94,60.09,60.54,56.64,58.8,58.19,61.06,68.99,90.51,79.99,83.1,88.53,92.02,94.07,85.40543716751372,...,...
,Secondary (Junior High School),Both Sexes,63.19,63.96,76.79,66.24,76.91,48.87,55.93,70.93,68.24,73.3,72.34,69.21,71.76,73.9,84.46,73,74.41,79.86,81.79,82.51,82.58061375099453,...,...
,,Female,65.8,65.49,81.58,71.63,82.67,54.59,58.99,74.69,72.6,76.64,75.63,74.29,75.83,79.32,85.49,76.37,77.54,83.21,86.12,86.88,86.15267309930043,...,...
,,Male,60.4,62.35,71.78,60.69,70.97,43.02,52.7,66.97,63.75,69.78,68.95,64.11,67.61,68.42,83.4,69.58,71.16,76.4,77.36,78.06,78.94306954695828,...,...
,Secondary (Senior High School),Both Sexes,..,..,..,..,..,..,..,..,..,..,..,..,..,..,..,..,..,..,74.83,73.02,73.87811305362611,...,...
,,Female,..,..,..,..,..,..,..,..,..,..,..,..,..,..,..,..,..,..,78.07,77.2,79.12070672428139,...,...
,,Male,..,..,..,..,..,..,..,..,..,..,..,..,..,..,..,..,..,..,70.03,67.52,68.58686166470011,...,...
..Caraga,Elementary,Both Sexes,56.66,69.09,69.33,66.93,59.32,67.07,64.23,71.82,71.89,66.36,71.21,66,72.38,80.73,86.86,84.24,92.26,90.94,95.36,95.0,93.41611935808767,...,...
,,Female,61.06,72.58,75.96,73.64,68.11,74.62,71.17,78.61,77.55,73.8,77.64,73.2,79.94,86.06,90.02,87.86,94.44,94.02,98.17,96.38,94.41165400736128,...,...
,,Male,52.53,65.83,63.6,61.17,52,60.55,58.28,65.93,66.92,60.11,65.75,59.96,65.96,76.04,83.94,81.01,90.3,88.18,92.8,93.72,92.48034706760336,...,...
,Secondary (Junior High School),Both Sexes,60.57,63.02,79.63,64,71.9,58.02,69.92,72.98,73.64,59.85,71.04,69.53,69.78,73.4,77.51,70.56,77.2,82.42,85.41,83.69,90.06976318070897,...,...
,,Female,63.28,64.64,82.23,68.53,76.28,63.23,74.48,75.54,76.48,63.41,74.86,73.82,74.36,77.19,79.65,73.82,79.99,84.98,89.55,86.66,92.7164629588721,...,...
,,Male,57.68,61.19,76.8,59.25,67.33,52.5,65.07,70.24,70.7,56.24,67.24,65.33,65.25,69.55,75.34,67.29,74.35,79.82,81.32,80.81,87.4862578166416,...,...
,Secondary (Senior High School),Both Sexes,..,..,..,..,..,..,..,..,..,..,..,..,..,..,..,..,..,..,78.16,73.02,82.41924267798913,...,...
,,Female,..,..,..,..,..,..,..,..,..,..,..,..,..,..,..,..,..,..,80.59,75.25,86.81056500487718,...,...
,,Male,..,..,..,..,..,..,..,..,..,..,..,..,..,..,..,..,..,..,75.73,70.88,78.11609061257805,...,...
..BARMM,Elementary,Both Sexes,24.3,31.9,46.6,27.95,31.33,34.76,31.43,41.29,37.5,37.23,39.29,23.46,26.6,39.16,35.33,37.15,65.47,54.17,76.72,74.98,63.980439748482134,...,...
,,Female,24.35,33.06,52.32,29.21,33.35,34.56,37.24,44.8,40.24,41.33,41.7,24.72,28.61,41.78,36.58,40.07,68.95,55.4,79.14,77.16,66.80720348687325,...,...
,,Male,24.26,30.65,40.99,26.6,29.22,34.85,26.12,37.7,34.62,33.1,36.75,22.04,24.45,36.42,33.92,34.17,61.82,52.84,74.2,72.61,61.11566141451609,...,...
,Secondary (Junior High School),Both Sexes,58.35,64.41,60.94,62.33,45.29,53,35.21,65.36,53.55,65.4,59.47,55.98,52.55,56.17,48.73,63.99,78.67,62.13,93.81,86.59,72.76109863685919,...,...
,,Female,58.65,66.32,71.5,56.66,44.01,54.81,37.81,66.85,55.35,67.63,61.8,59.86,54.05,58.74,50.29,65.03,79.87,62.1,93.6,88.24,77.45461912667983,...,...
,,Male,57.98,62.25,49.72,69.53,46.82,50.93,32.22,63.52,51.32,62.59,56.55,51.19,50.58,52.86,46.67,62.63,77.11,62.24,92.8,84.59,67.36644782733177,...,...
,Secondary (Senior High School),Both Sexes,..,..,..,..,..,..,..,..,..,..,..,..,..,..,..,..,..,..,68.08,66.24,56.88636333310178,...,...
,,Female,..,..,..,..,..,..,..,..,..,..,..,..,..,..,..,..,..,..,67.73,67.8,61.19456326945275,...,...
,,Male,..,..,..,..,..,..,..,..,..,..,..,..,..,..,..,..,..,..,67.6,64.34,51.916326569164006,...,...
,,,,,,,,,,,,,,,,,,,,,,,,,
Notes:,,,,,,,,,,,,,,,,,,,,,,,,,
.. - Data not available ,,,,,,,,,,,,,,,,,,,,,,,,,
... - Data not yet available ,,,,,,,,,,,,,,,,,,,,,,,,,
1/ - Updates were based on the submission of Department of Education on March 2022,,,,,,,,,,,,,,,,,,,,,,,,,
2/ - Estimation in Senior High School only started in SY 2018-2019,,,,,,,,,,,,,,,,,,,,,,,,,
3/ - Estimation for Region IV-A and MIMAROPA is still merge in 2000 and 2001,,,,,,,,,,,,,,,,,,,,,,,,,
